Date,Year,Month,Day,Max Temp C,Min Temp C,Mean Temp C,Total Precip (mm)
18/08/2012,2012,8,18,32.8,13.1,23,0
19/08/2012,2012,8,19,34.9,13.1,24,0
20/08/2012,2012,8,20,34.1,16.2,25.2,0
21/08/2012,2012,8,21,31.1,14.7,22.9,2
22/08/2012,2012,8,22,27.8,9.1,18.5,0
23/08/2012,2012,8,23,25,7.9,16.5,0
24/08/2012,2012,8,24,22.8,10.3,16.6,0
25/08/2012,2012,8,25,25.3,7.2,16.3,0
26/08/2012,2012,8,26,27,9.9,18.5,0
27/08/2012,2012,8,27,29.4,13.1,21.3,0
28/08/2012,2012,8,28,24.6,12.9,18.8,1.6
29/08/2012,2012,8,29,24.8,8,16.4,0
30/08/2012,2012,8,30,25.8,10.2,18,0
31/08/2012,2012,8,31,25.5,9.5,17.5,0
1/9/2012,2012,9,1,25.6,10.5,18.1,0
2/9/2012,2012,9,2,25.2,5.7,15.5,0
3/9/2012,2012,9,3,24.5,8.3,16.4,0
4/9/2012,2012,9,4,25.9,12.8,19.4,0
5/9/2012,2012,9,5,23.6,7,15.3,0.2
6/9/2012,2012,9,6,24.5,6.9,15.7,0
7/9/2012,2012,9,7,26.1,6,16.1,0
8/9/2012,2012,9,8,30.1,5.9,18,0
9/9/2012,2012,9,9,29.3,14.9,22.1,3
10/9/2012,2012,9,10,19,11.8,15.4,
11/9/2012,2012,9,11,19.9,3.6,11.8,0
12/9/2012,2012,9,12,21,0.7,10.9,0
13/09/2012,2012,9,13,23.7,4,13.9,0
14/09/2012,2012,9,14,27.4,3.6,15.5,0
15/09/2012,2012,9,15,26.5,4.9,15.7,0
16/09/2012,2012,9,16,25.3,9.4,17.4,0
17/09/2012,2012,9,17,24.8,7.1,16,0
18/09/2012,2012,9,18,24.4,3.8,14.1,0
19/09/2012,2012,9,19,26,7.1,16.6,0
20/09/2012,2012,9,20,25.5,9.2,17.4,0
21/09/2012,2012,9,21,25.2,6.4,15.8,0
22/09/2012,2012,9,22,24.9,7.2,16.1,0
23/09/2012,2012,9,23,23.9,8,16,0
24/09/2012,2012,9,24,25.7,6.2,16,0
25/09/2012,2012,9,25,24.6,13,18.8,0
26/09/2012,2012,9,26,21.9,6.8,14.4,0
27/09/2012,2012,9,27,22.4,4.7,13.6,0
28/09/2012,2012,9,28,24,4.6,14.3,0
29/09/2012,2012,9,29,25.6,8.3,17,0
30/09/2012,2012,9,30,22.1,5.4,13.8,0
1/10/2012,2012,10,1,22.8,6.1,14.5,0
2/10/2012,2012,10,2,19.1,5.9,12.5,0
3/10/2012,2012,10,3,15.2,1.5,8.4,0
4/10/2012,2012,10,4,16.2,-0.8,7.7,0
5/10/2012,2012,10,5,15.6,-0.6,7.5,0
6/10/2012,2012,10,6,16.6,0.4,8.5,
7/10/2012,2012,10,7,17.7,-1.1,8.3,0
8/10/2012,2012,10,8,18.6,0.9,9.8,0
9/10/2012,2012,10,9,18.5,2.9,10.7,0
10/10/2012,2012,10,10,18.5,0.8,9.7,0
11/10/2012,2012,10,11,17.4,1.2,9.3,0
12/10/2012,2012,10,12,19,5.9,12.5,0
13/10/2012,2012,10,13,15.3,10.3,12.8,0.6
14/10/2012,2012,10,14,17.9,10.6,14.3,
15/10/2012,2012,10,15,19.8,9.2,14.5,1.6
16/10/2012,2012,10,16,15.9,9.6,12.8,5.8
17/10/2012,2012,10,17,14.5,-1.2,6.7,0
18/10/2012,2012,10,18,15.7,9.6,12.7,0.4
19/10/2012,2012,10,19,16.4,8.8,12.6,0.2
20/10/2012,2012,10,20,12.4,2.6,7.5,0
21/10/2012,2012,10,21,7.9,-2.6,2.7,1
22/10/2012,2012,10,22,8.1,0.5,4.3,0.8
23/10/2012,2012,10,23,5.7,2.8,4.3,13.8
24/10/2012,2012,10,24,5.2,3.3,4.3,3.4
25/10/2012,2012,10,25,9,1.3,5.2,
26/10/2012,2012,10,26,6.6,1.6,4.1,3
27/10/2012,2012,10,27,7,3.7,5.4,14.6
28/10/2012,2012,10,28,11.9,6.8,9.4,1
29/10/2012,2012,10,29,12.4,7.1,9.8,20.2
30/10/2012,2012,10,30,12.4,9,10.7,7.2
31/10/2012,2012,10,31,10.2,8.8,9.5,11.6
1/11/2012,2012,11,1,11.4,4.8,8.1,
2/11/2012,2012,11,2,11.6,3.2,7.4,0
3/11/2012,2012,11,3,13.2,10.6,11.9,0.8
4/11/2012,2012,11,4,14.5,8.4,11.5,0.6
5/11/2012,2012,11,5,16.7,5.7,11.2,0
6/11/2012,2012,11,6,9.8,3.3,6.6,3
7/11/2012,2012,11,7,12.6,0.3,6.5,0
8/11/2012,2012,11,8,6.9,-1,3,0
9/11/2012,2012,11,9,4.2,-0.4,1.9,0.2
10/11/2012,2012,11,10,2.7,-4,-0.7,0
11/11/2012,2012,11,11,1.1,-8.5,-3.7,0.8
12/11/2012,2012,11,12,3.9,0,2,3.6
13/11/2012,2012,11,13,6.3,2.8,4.6,0.2
14/11/2012,2012,11,14,7.9,3.9,5.9,0
15/11/2012,2012,11,15,5.7,3.6,4.7,0
16/11/2012,2012,11,16,6.5,3.9,5.2,0
17/11/2012,2012,11,17,7.7,5.8,6.8,6.4
18/11/2012,2012,11,18,7.6,4.7,6.2,3.2
19/11/2012,2012,11,19,12,4.6,8.3,8.6
20/11/2012,2012,11,20,11.8,7.9,9.9,4.2
21/11/2012,2012,11,21,9.7,2.3,6,0.4
22/11/2012,2012,11,22,6.2,-3.3,1.5,0
23/11/2012,2012,11,23,6.9,4.3,5.6,1.6
24/11/2012,2012,11,24,7.7,-2.2,2.8,0
25/11/2012,2012,11,25,4.9,-4.7,0.1,0
26/11/2012,2012,11,26,2.3,-6.1,-1.9,0
27/11/2012,2012,11,27,2.6,-6.2,-1.8,0
28/11/2012,2012,11,28,4.1,-1.8,1.2,0
29/11/2012,2012,11,29,6,4,5,1
30/11/2012,2012,11,30,7.9,4,6,3.2
1/12/2012,2012,12,1,11.2,7.1,9.2,1.6
2/12/2012,2012,12,2,8.5,3.9,6.2,
3/12/2012,2012,12,3,8.7,5.6,7.2,0.2
4/12/2012,2012,12,4,9.3,5.3,7.3,3.6
5/12/2012,2012,12,5,9.4,3.3,6.4,0
6/12/2012,2012,12,6,5.8,2.4,4.1,0.2
7/12/2012,2012,12,7,3.5,-0.9,1.3,1.8
8/12/2012,2012,12,8,1.5,-9.2,-3.9,0
9/12/2012,2012,12,9,-0.2,-3.8,-2,
10/12/2012,2012,12,10,0.5,-3.5,-1.5,
11/12/2012,2012,12,11,1.1,-1.8,-0.4,
12/12/2012,2012,12,12,2.7,-2.4,0.2,2.7
13/12/2012,2012,12,13,0.4,-5,-2.3,
14/12/2012,2012,12,14,1.4,-5.6,-2.1,3.6
15/12/2012,2012,12,15,1.5,-2.7,-0.6,1
16/12/2012,2012,12,16,1.6,-0.8,0.4,1.2
17/12/2012,2012,12,17,3.2,-0.9,1.2,4
18/12/2012,2012,12,18,2.6,-8.2,-2.8,0
19/12/2012,2012,12,19,1.8,-3.8,-1,0.6
20/12/2012,2012,12,20,5,1.8,3.4,3
21/12/2012,2012,12,21,3,-3.8,-0.4,1.8
22/12/2012,2012,12,22,1.1,-0.3,0.4,6.4
23/12/2012,2012,12,23,3.6,1.1,2.4,0.2
24/12/2012,2012,12,24,3.4,0.1,1.8,1.8
25/12/2012,2012,12,25,1.2,-1.3,-0.1,1
26/12/2012,2012,12,26,1.5,-1.5,0,
27/12/2012,2012,12,27,2.9,-0.2,1.4,0.8
28/12/2012,2012,12,28,1.5,-0.8,0.4,1
29/12/2012,2012,12,29,-0.1,-1.9,-1,3.2
30/12/2012,2012,12,30,-0.4,-7.1,-3.8,0
31/12/2012,2012,12,31,-2.3,-8.4,-5.4,0
1/1/2013,2013,1,1,-2.7,-8.4,-5.6,0
2/1/2013,2013,1,2,-2.4,-5.5,-4,0
3/1/2013,2013,1,3,-1.6,-3.6,-2.6,0
4/1/2013,2013,1,4,-1.7,-6.4,-4.1,0.2
5/1/2013,2013,1,5,-1.8,-6,-3.9,
6/1/2013,2013,1,6,0.5,-1,-0.3,0.4
7/1/2013,2013,1,7,1.3,-1.7,-0.2,8.2
8/1/2013,2013,1,8,2.5,-0.6,1,2.8
9/1/2013,2013,1,9,5.1,-0.8,2.2,16.4
10/1/2013,2013,1,10,2.1,-2.3,-0.1,0
11/1/2013,2013,1,11,-0.6,-9.4,-5,0
12/1/2013,2013,1,12,-3.5,-11.5,-7.5,0
13/01/2013,2013,1,13,-3.7,-9.5,-6.6,1
14/01/2013,2013,1,14,-1.9,-6.3,-4.1,0.6
15/01/2013,2013,1,15,-3.9,-11.8,-7.9,0
16/01/2013,2013,1,16,-3.1,-5.9,-4.5,0
17/01/2013,2013,1,17,-2.2,-4.2,-3.2,0
18/01/2013,2013,1,18,-0.6,-2.9,-1.8,0
19/01/2013,2013,1,19,-2.6,-6.8,-4.7,0
20/01/2013,2013,1,20,-1.5,-6.2,-3.9,0
21/01/2013,2013,1,21,-3.1,-6.3,-4.7,0
22/01/2013,2013,1,22,-6,-8.4,-7.2,0
23/01/2013,2013,1,23,-0.1,-6.2,-3.2,0
24/01/2013,2013,1,24,0.8,-1.6,-0.4,0
25/01/2013,2013,1,25,3,-1.3,0.9,0.8
26/01/2013,2013,1,26,3.1,-1.2,1,0.6
27/01/2013,2013,1,27,1.5,-0.6,0.5,0.2
28/01/2013,2013,1,28,-0.3,-4.9,-2.6,
29/01/2013,2013,1,29,4.3,-2.7,0.8,2.6
30/01/2013,2013,1,30,1.8,-1.5,0.2,0
31/01/2013,2013,1,31,3.2,-1.5,0.9,0
1/2/2013,2013,2,1,3.5,-1.9,0.8,0
2/2/2013,2013,2,2,0.6,-4.8,-2.1,0
3/2/2013,2013,2,3,5.7,-5.4,0.2,
4/2/2013,2013,2,4,4.3,-2.1,1.1,
5/2/2013,2013,2,5,8.4,-0.7,3.9,
6/2/2013,2013,2,6,5.4,1.6,3.5,1
7/2/2013,2013,2,7,4.8,-2.6,1.1,0.2
8/2/2013,2013,2,8,5,-5.2,-0.1,0
9/2/2013,2013,2,9,4.2,-2.1,1.1,0
10/2/2013,2013,2,10,3.9,-3.8,0.1,9.9
11/2/2013,2013,2,11,2.4,-4.7,-1.2,0
12/2/2013,2013,2,12,3.6,0.2,1.9,0
13/02/2013,2013,2,13,10.7,-2.5,4.1,0
14/02/2013,2013,2,14,7.7,-4.1,1.8,0
15/02/2013,2013,2,15,7.3,-3.2,2.1,0
16/02/2013,2013,2,16,6.4,2.8,4.6,1.4
17/02/2013,2013,2,17,5.6,-1.8,1.9,0
18/02/2013,2013,2,18,1.8,-5.7,-2,2.6
19/02/2013,2013,2,19,6.9,-2,2.5,1
20/02/2013,2013,2,20,5.3,-6.8,-0.8,0
21/02/2013,2013,2,21,4.6,-1.4,1.6,0
22/02/2013,2013,2,22,6.3,0.1,3.2,1.4
23/02/2013,2013,2,23,10.4,-2.2,4.1,0
24/02/2013,2013,2,24,4.5,-3,0.8,0
25/02/2013,2013,2,25,6.6,0.9,3.8,0.2
26/02/2013,2013,2,26,7.1,0.2,3.7,0
27/02/2013,2013,2,27,8.9,2.3,5.6,0
28/02/2013,2013,2,28,6.5,-1.4,2.6,
1/3/2013,2013,3,1,12.1,5.4,8.8,0.4
2/3/2013,2013,3,2,12.5,5,8.8,
3/3/2013,2013,3,3,8.8,0.4,4.6,0.6
4/3/2013,2013,3,4,8.2,-2.3,3,0
5/3/2013,2013,3,5,5.5,-1.3,2.1,0
6/3/2013,2013,3,6,3.5,1.4,2.5,1.8
7/3/2013,2013,3,7,6.4,0.2,3.3,0
8/3/2013,2013,3,8,8.4,0.9,4.7,0
9/3/2013,2013,3,9,11.8,-4.7,3.6,0
10/3/2013,2013,3,10,11,0,5.5,0
11/3/2013,2013,3,11,10.5,-2.3,4.1,0
12/3/2013,2013,3,12,13.9,1.6,7.8,1.2
13/03/2013,2013,3,13,16,2.4,9.2,0
14/03/2013,2013,3,14,14.9,8,11.5,0.4
15/03/2013,2013,3,15,17.3,4.7,11,0
16/03/2013,2013,3,16,12,1.7,6.9,2
17/03/2013,2013,3,17,9.8,2.1,6,0
18/03/2013,2013,3,18,5,-2.4,1.3,
19/03/2013,2013,3,19,9.1,-6.5,1.3,0
20/03/2013,2013,3,20,11.5,3.6,7.6,
21/03/2013,2013,3,21,7.5,-1.8,2.9,0.2
22/03/2013,2013,3,22,7.7,-5.9,0.9,0
23/03/2013,2013,3,23,7.6,-6.1,0.8,0
24/03/2013,2013,3,24,10.6,-5.5,2.6,0
25/03/2013,2013,3,25,11.3,-5.7,2.8,0
26/03/2013,2013,3,26,12.7,-5.9,3.4,0
27/03/2013,2013,3,27,14.3,-3.1,5.6,0
28/03/2013,2013,3,28,16.1,1,8.6,0
29/03/2013,2013,3,29,18.5,-1.9,8.3,0
30/03/2013,2013,3,30,16.4,-1.3,7.6,0
31/03/2013,2013,3,31,18.2,-0.8,8.7,0
1/4/2013,2013,4,1,18.4,2.1,10.3,0
2/4/2013,2013,4,2,20.3,0.4,10.4,0
3/4/2013,2013,4,3,17.5,2.9,10.2,0
4/4/2013,2013,4,4,10.5,6.6,8.6,4.4
5/4/2013,2013,4,5,16.4,8.4,12.4,0.2
6/4/2013,2013,4,6,14.1,3.8,9,15.4
7/4/2013,2013,4,7,7.2,3,5.1,9.8
8/4/2013,2013,4,8,11.9,3.2,7.6,10
9/4/2013,2013,4,9,13.1,-1.5,5.8,0
10/4/2013,2013,4,10,13.6,5.8,9.7,2
11/4/2013,2013,4,11,12.4,2.6,7.5,0
12/4/2013,2013,4,12,10.2,-1.1,4.6,0.2
13/04/2013,2013,4,13,11.5,1.8,6.7,0
14/04/2013,2013,4,14,9,-0.6,4.2,2.8
15/04/2013,2013,4,15,8.3,1,4.7,4.2
16/04/2013,2013,4,16,13.6,-0.7,6.5,0
17/04/2013,2013,4,17,13.3,-1.8,5.8,
18/04/2013,2013,4,18,15.6,0,7.8,1.6
19/04/2013,2013,4,19,18.5,7.6,13.1,0
20/04/2013,2013,4,20,14,5.6,9.8,0
21/04/2013,2013,4,21,12.2,2.4,7.3,0.4
22/04/2013,2013,4,22,15.4,-4.4,5.5,0
23/04/2013,2013,4,23,15.8,0.3,8.1,0
24/04/2013,2013,4,24,19.1,-1.4,8.9,0
25/04/2013,2013,4,25,23,1.1,12.1,0
26/04/2013,2013,4,26,23.9,5.9,14.9,0
27/04/2013,2013,4,27,19.5,6.4,13,0
28/04/2013,2013,4,28,18.3,1,9.7,0
29/04/2013,2013,4,29,10.7,2.7,6.7,0.2
30/04/2013,2013,4,30,12.3,-0.2,6.1,1.4
1/5/2013,2013,5,1,17.5,-4.2,6.7,0
2/5/2013,2013,5,2,19.8,7.2,13.5,1.2
3/5/2013,2013,5,3,21.5,5.5,13.5,0
4/5/2013,2013,5,4,22.5,4.9,13.7,0
5/5/2013,2013,5,5,24.6,6,15.3,0
6/5/2013,2013,5,6,26.5,4.3,15.4,0
7/5/2013,2013,5,7,26.9,6.3,16.6,0
8/5/2013,2013,5,8,28.5,9.8,19.2,0
9/5/2013,2013,5,9,28,6.3,17.2,0
10/5/2013,2013,5,10,28.9,9.8,19.4,0
11/5/2013,2013,5,11,30.3,10.4,20.4,0
12/5/2013,2013,5,12,25.9,13.3,19.6,0
13/05/2013,2013,5,13,20,10.2,15.1,10.2
14/05/2013,2013,5,14,17.7,4,10.9,0
15/05/2013,2013,5,15,20.6,5.7,13.2,0
16/05/2013,2013,5,16,,,,
17/05/2013,2013,5,17,23.5,9.1,16.3,14.2
18/05/2013,2013,5,18,18.8,10.2,14.5,2.8
19/05/2013,2013,5,19,22.8,4.9,13.9,0
20/05/2013,2013,5,20,23.4,5.5,14.5,0
21/05/2013,2013,5,21,,,,
22/05/2013,2013,5,22,12,7.8,9.9,6.6
23/05/2013,2013,5,23,16.5,3.7,10.1,0.2
24/05/2013,2013,5,24,18.5,1.8,10.2,0.4
25/05/2013,2013,5,25,18.8,3.3,11.1,0
26/05/2013,2013,5,26,21.9,3.5,12.7,0
27/05/2013,2013,5,27,19.5,10.4,15,2.2
28/05/2013,2013,5,28,20.7,11.4,16.1,4
29/05/2013,2013,5,29,18.4,10.8,14.6,9.4
30/05/2013,2013,5,30,18.2,7.1,12.7,1.2
31/05/2013,2013,5,31,22,3.7,12.9,0
1/6/2013,2013,6,1,19.2,6.1,12.7,3.8
2/6/2013,2013,6,2,20.9,9.6,15.3,0.6
3/6/2013,2013,6,3,24.1,6.1,15.1,0
4/6/2013,2013,6,4,27.9,6.3,17.1,0
5/6/2013,2013,6,5,28,11.9,20,0
6/6/2013,2013,6,6,29.2,10.3,19.8,0
7/6/2013,2013,6,7,27.8,15.4,21.6,0
8/6/2013,2013,6,8,26.3,6.4,16.4,0
9/6/2013,2013,6,9,24.1,5.2,14.7,0
10/6/2013,2013,6,10,24.9,8.1,16.5,0
11/6/2013,2013,6,11,25.8,9.9,17.9,0
12/6/2013,2013,6,12,23.2,8.7,16,0
13/06/2013,2013,6,13,24.1,5.4,14.8,0
14/06/2013,2013,6,14,23.4,10.8,17.1,1
15/06/2013,2013,6,15,26.4,6.2,16.3,0
16/06/2013,2013,6,16,27.6,11.4,19.5,0
17/06/2013,2013,6,17,27.6,14.4,21,2
18/06/2013,2013,6,18,20.4,13.4,16.9,5.8
19/06/2013,2013,6,19,16.9,13,15,4
20/06/2013,2013,6,20,15.2,11.4,13.3,17.4
21/06/2013,2013,6,21,20.1,11.8,16,0
22/06/2013,2013,6,22,23.3,10.7,17,2
23/06/2013,2013,6,23,26.3,12.1,19.2,0.6
24/06/2013,2013,6,24,22.2,13.8,18,11.6
25/06/2013,2013,6,25,22.8,12.9,17.9,0.4
26/06/2013,2013,6,26,23.7,13.5,18.6,8
27/06/2013,2013,6,27,22.2,14.1,18.2,1
28/06/2013,2013,6,28,27,13.6,20.3,0
29/06/2013,2013,6,29,25.7,15.6,20.7,0.2
30/06/2013,2013,6,30,30.9,15.6,23.3,0
1/7/2013,2013,7,1,32.5,15.4,24,0
2/7/2013,2013,7,2,38.5,16.7,27.6,0
3/7/2013,2013,7,3,31.6,15.6,23.6,0
4/7/2013,2013,7,4,29.9,12.2,21.1,0
5/7/2013,2013,7,5,28.9,12,20.5,0
6/7/2013,2013,7,6,28.3,14.9,21.6,0
7/7/2013,2013,7,7,24.8,11.4,18.1,0.8
8/7/2013,2013,7,8,30.1,10.4,20.3,0
9/7/2013,2013,7,9,32.6,11.8,22.2,0
10/7/2013,2013,7,10,32.5,13.7,23.1,0
11/7/2013,2013,7,11,26.5,13.9,20.2,0
12/7/2013,2013,7,12,25.1,7.5,16.3,0
13/07/2013,2013,7,13,28.1,8.6,18.4,0
14/07/2013,2013,7,14,30.8,10.2,20.5,0
15/07/2013,2013,7,15,25.7,12.2,19,0
16/07/2013,2013,7,16,28.9,11,20,0
17/07/2013,2013,7,17,,,,
18/07/2013,2013,7,18,29.1,12.9,21,0
19/07/2013,2013,7,19,34.7,12.5,23.6,0
20/07/2013,2013,7,20,35.4,11.4,23.4,0
21/07/2013,2013,7,21,34.6,13.7,24.2,0
22/07/2013,2013,7,22,34.3,13.2,23.8,0
23/07/2013,2013,7,23,34,13.7,23.9,0
24/07/2013,2013,7,24,35.9,13.2,24.6,0
25/07/2013,2013,7,25,36.8,15.8,26.3,0
26/07/2013,2013,7,26,35.4,12.8,24.1,0
27/07/2013,2013,7,27,30.4,12.1,21.3,0
28/07/2013,2013,7,28,29.3,15.8,22.6,0
29/07/2013,2013,7,29,29.9,13.4,21.7,0
30/07/2013,2013,7,30,31.8,11.1,21.5,0
31/07/2013,2013,7,31,31.3,13.7,22.5,0
1/8/2013,2013,8,1,31.1,17.6,24.4,1
2/8/2013,2013,8,2,,,,
3/8/2013,2013,8,3,29.8,12.8,21.3,3.8
4/8/2013,2013,8,4,28.4,13.5,21,1.8
5/8/2013,2013,8,5,29.9,13.1,21.5,0
6/8/2013,2013,8,6,34.2,11.6,22.9,0
7/8/2013,2013,8,7,31.9,14.4,23.2,0
8/8/2013,2013,8,8,33,15.3,24.2,0
9/8/2013,2013,8,9,33.3,16.4,24.9,0
10/8/2013,2013,8,10,33.3,18.6,26,0
11/8/2013,2013,8,11,33.1,18.1,25.6,2.8
12/8/2013,2013,8,12,32.4,13.2,22.8,0
13/08/2013,2013,8,13,32.5,15.5,24,0
14/08/2013,2013,8,14,31.6,11.9,21.8,0
15/08/2013,2013,8,15,30.5,18.1,24.3,1.4
16/08/2013,2013,8,16,30.3,13.3,21.8,0
17/08/2013,2013,8,17,30.1,16.1,23.1,1.2
18/08/2013,2013,8,18,29.4,10.2,19.8,0
19/08/2013,2013,8,19,29.7,13.1,21.4,0
20/08/2013,2013,8,20,27.5,7.7,17.6,0
21/08/2013,2013,8,21,28.1,11.5,19.8,0
22/08/2013,2013,8,22,28.4,10.9,19.7,0
23/08/2013,2013,8,23,22.9,14.8,18.9,1.4
24/08/2013,2013,8,24,27.8,13.4,20.6,0
25/08/2013,2013,8,25,27.3,13,20.2,0
26/08/2013,2013,8,26,25,16,20.5,1.2
27/08/2013,2013,8,27,25.4,12.8,19.1,0
28/08/2013,2013,8,28,23.9,14.2,19.1,0.2
29/08/2013,2013,8,29,24.6,14.8,19.7,8.6
30/08/2013,2013,8,30,26.3,13.3,19.8,0
31/08/2013,2013,8,31,25.7,9.8,17.8,0
1/9/2013,2013,9,1,27.8,10.2,19,0
2/9/2013,2013,9,2,31.1,11.5,21.3,0
3/9/2013,2013,9,3,31.5,13.4,22.5,0
4/9/2013,2013,9,4,22.3,14.7,18.5,17.2
5/9/2013,2013,9,5,23.9,15.4,19.7,0
6/9/2013,2013,9,6,20.6,13.6,17.1,8.8
7/9/2013,2013,9,7,20.3,12.8,16.6,2.6
8/9/2013,2013,9,8,25.2,12.2,18.7,0.8
9/9/2013,2013,9,9,26.6,10.9,18.8,0
10/9/2013,2013,9,10,27,12.5,19.8,0
11/9/2013,2013,9,11,26.8,11.8,19.3,0
12/9/2013,2013,9,12,28.3,12.1,20.2,0
13/09/2013,2013,9,13,28.9,13.1,21,0
14/09/2013,2013,9,14,27.6,13,20.3,0
15/09/2013,2013,9,15,27.3,12.6,20,0
16/09/2013,2013,9,16,24.4,13.1,18.8,9
17/09/2013,2013,9,17,21.8,11.7,16.8,0
18/09/2013,2013,9,18,21.8,10.4,16.1,0.4
19/09/2013,2013,9,19,22.3,3.7,13,0.9
20/09/2013,2013,9,20,21.2,4.7,13,0
21/09/2013,2013,9,21,21.7,9,15.4,2.6
22/09/2013,2013,9,22,18,5.1,11.6,0.8
23/09/2013,2013,9,23,17.3,9.1,13.2,2.8
24/09/2013,2013,9,24,17.9,4.1,11,0
25/09/2013,2013,9,25,19.1,3,11.1,2.4
26/09/2013,2013,9,26,16.9,5.8,11.4,3.4
27/09/2013,2013,9,27,12.6,2.2,7.4,3.6
28/09/2013,2013,9,28,16.8,11.3,14.1,2.8
29/09/2013,2013,9,29,15.4,7.6,11.5,0.8
30/09/2013,2013,9,30,15.9,6.5,11.2,12.6
1/10/2013,2013,10,1,14.5,4.9,9.7,0.8
2/10/2013,2013,10,2,11.6,1.9,6.8,3.6
3/10/2013,2013,10,3,14.4,4.5,9.5,0
4/10/2013,2013,10,4,16.4,-1.7,7.4,0
5/10/2013,2013,10,5,14.6,7.8,11.2,0
6/10/2013,2013,10,6,19.4,5.9,12.7,0
7/10/2013,2013,10,7,17.5,11.2,14.4,0.6
8/10/2013,2013,10,8,13.6,7.2,10.4,0.6
9/10/2013,2013,10,9,14,0.6,7.3,0
10/10/2013,2013,10,10,14.5,1.8,8.2,0.2
11/10/2013,2013,10,11,12,-3.3,4.4,0
12/10/2013,2013,10,12,14.8,5.5,10.2,0.4
13/10/2013,2013,10,13,14.3,2.8,8.6,0
14/10/2013,2013,10,14,12.7,0.3,6.5,0
15/10/2013,2013,10,15,13.8,-1.6,6.1,0.2
16/10/2013,2013,10,16,14.2,5.2,9.7,
17/10/2013,2013,10,17,14.1,1,7.6,0
18/10/2013,2013,10,18,11.8,-1.1,5.4,0
19/10/2013,2013,10,19,12.3,-0.9,5.7,0
20/10/2013,2013,10,20,13.5,1.6,7.6,0
21/10/2013,2013,10,21,13.7,2.3,8,0
22/10/2013,2013,10,22,12.1,0.1,6.1,0
23/10/2013,2013,10,23,10.4,6.4,8.4,0
24/10/2013,2013,10,24,10.3,4.9,7.6,
25/10/2013,2013,10,25,9.3,6.2,7.8,0
26/10/2013,2013,10,26,8.5,6.7,7.6,0
27/10/2013,2013,10,27,11.8,4.7,8.3,2.4
28/10/2013,2013,10,28,11.4,2,6.7,0
29/10/2013,2013,10,29,9.6,-2.9,3.4,0
30/10/2013,2013,10,30,9.6,-4.5,2.6,0
31/10/2013,2013,10,31,13.6,2.8,8.2,0
1/11/2013,2013,11,1,9.9,-1.3,4.3,0
2/11/2013,2013,11,2,8.9,5.1,7,11
3/11/2013,2013,11,3,7.9,2.5,5.2,0
4/11/2013,2013,11,4,7.6,-3.5,2.1,0
5/11/2013,2013,11,5,4.2,-1.7,1.3,6.2
6/11/2013,2013,11,6,4.9,-1.3,1.8,0
7/11/2013,2013,11,7,5.8,3.2,4.5,3.2
8/11/2013,2013,11,8,8.5,2.2,5.4,0
9/11/2013,2013,11,9,5.5,-3.5,1,1.2
10/11/2013,2013,11,10,6.3,2.6,4.5,2.6
11/11/2013,2013,11,11,6.7,2.6,4.7,2.2
12/11/2013,2013,11,12,9.5,2.8,6.2,0.4
13/11/2013,2013,11,13,10.7,7,8.9,0
14/11/2013,2013,11,14,9.1,-0.4,4.4,0
15/11/2013,2013,11,15,5.1,-2,1.6,6.6
16/11/2013,2013,11,16,6.8,0.9,3.9,4.6
17/11/2013,2013,11,17,6.4,-2.1,2.2,4
18/11/2013,2013,11,18,8.9,3.1,6,1.6
19/11/2013,2013,11,19,9.7,-1.2,4.3,0.6
20/11/2013,2013,11,20,-1.2,-9.5,-5.4,0
21/11/2013,2013,11,21,-1.6,-10.8,-6.2,0
22/11/2013,2013,11,22,-0.2,-9.3,-4.8,0
23/11/2013,2013,11,23,0.9,-10.1,-4.6,0
24/11/2013,2013,11,24,3.5,-5.6,-1.1,0
25/11/2013,2013,11,25,4,-4.8,-0.4,0
26/11/2013,2013,11,26,2.8,-5,-1.1,0
27/11/2013,2013,11,27,3.1,-7.6,-2.3,0
28/11/2013,2013,11,28,2.4,-0.8,0.8,0
29/11/2013,2013,11,29,1.7,-0.9,0.4,0
30/11/2013,2013,11,30,3.7,0.8,2.3,1.2
1/12/2013,2013,12,1,4,1.5,2.8,4.6
2/12/2013,2013,12,2,2.8,-4.7,-1,0.4
3/12/2013,2013,12,3,-2.3,-5.6,-4,0
4/12/2013,2013,12,4,-4.2,-11,-7.6,0
5/12/2013,2013,12,5,-6.5,-12.9,-9.7,0
6/12/2013,2013,12,6,-6.9,-11,-9,0
7/12/2013,2013,12,7,-8.8,-13.8,-11.3,0
8/12/2013,2013,12,8,-6.5,-13.1,-9.8,0.2
9/12/2013,2013,12,9,-6,-7.7,-6.9,0
10/12/2013,2013,12,10,-3.8,-11.3,-7.6,0
11/12/2013,2013,12,11,-0.1,-11.3,-5.7,
12/12/2013,2013,12,12,1.2,-0.8,0.2,0
13/12/2013,2013,12,13,1.6,-1.7,-0.1,0
14/12/2013,2013,12,14,3,-0.5,1.3,0
15/12/2013,2013,12,15,4.7,2.5,3.6,0
16/12/2013,2013,12,16,3.9,1.3,2.6,0
17/12/2013,2013,12,17,4.7,1,2.9,0
18/12/2013,2013,12,18,3.3,-2.2,0.6,0.4
19/12/2013,2013,12,19,-0.2,-7.5,-3.9,0
20/12/2013,2013,12,20,-2.4,-8.7,-5.6,5.2
21/12/2013,2013,12,21,-1.4,-8.6,-5,0.2
22/12/2013,2013,12,22,-0.7,-3.7,-2.2,0
23/12/2013,2013,12,23,2.5,-0.9,0.8,0.8
24/12/2013,2013,12,24,0.9,-4.6,-1.9,0
25/12/2013,2013,12,25,0.6,-6.3,-2.9,0.2
26/12/2013,2013,12,26,2.1,-3.5,-0.7,
27/12/2013,2013,12,27,1.7,-2.1,-0.2,1.2
28/12/2013,2013,12,28,1.4,-4,-1.3,0
29/12/2013,2013,12,29,-0.2,-2.8,-1.5,1.2
30/12/2013,2013,12,30,1.5,-2,-0.3,0
31/12/2013,2013,12,31,2.1,-0.6,0.8,0.6
1/1/2014,2014,1,1,-0.1,-2.3,-1.2,0
2/1/2014,2014,1,2,2.8,-0.4,1.2,0
3/1/2014,2014,1,3,3.5,-0.4,1.6,3.8
4/1/2014,2014,1,4,2.3,-8.7,-3.2,0
5/1/2014,2014,1,5,-0.3,-9.7,-5,0
6/1/2014,2014,1,6,-2.7,-10.9,-6.8,0
7/1/2014,2014,1,7,-0.9,-7.1,-4,0.8
8/1/2014,2014,1,8,0.8,-4.8,-2,0.4
9/1/2014,2014,1,9,1.8,-0.6,0.6,1
10/1/2014,2014,1,10,3.3,1,2.2,0
11/1/2014,2014,1,11,9.1,2.2,5.7,4.4
12/1/2014,2014,1,12,8.3,2,5.2,0
13/01/2014,2014,1,13,15.1,3.5,9.3,0
14/01/2014,2014,1,14,8,-1.2,3.4,0
15/01/2014,2014,1,15,7.8,-2.3,2.8,0
16/01/2014,2014,1,16,1.1,-4.5,-1.7,0
17/01/2014,2014,1,17,0.3,-2,-0.9,0
18/01/2014,2014,1,18,1.7,-0.8,0.5,0
19/01/2014,2014,1,19,2.3,0.2,1.3,0
20/01/2014,2014,1,20,2.9,-0.6,1.2,0
21/01/2014,2014,1,21,0,-1.1,-0.6,0
22/01/2014,2014,1,22,2.6,-5.5,-1.5,0
23/01/2014,2014,1,23,5.5,-1.9,1.8,0
24/01/2014,2014,1,24,2,-2.9,-0.5,0
25/01/2014,2014,1,25,1.2,-0.4,0.4,0.2
26/01/2014,2014,1,26,2.3,-1,0.7,0
27/01/2014,2014,1,27,4,0.8,2.4,0
28/01/2014,2014,1,28,2.5,1.1,1.8,0
29/01/2014,2014,1,29,1.1,-3.8,-1.4,6.6
30/01/2014,2014,1,30,1.4,-2.9,-0.8,1
31/01/2014,2014,1,31,-0.8,-10.4,-5.6,0
1/2/2014,2014,2,1,-4.7,-12.8,-8.8,0.2
2/2/2014,2014,2,2,-2.5,-8.3,-5.4,0
3/2/2014,2014,2,3,-4,-7.6,-5.8,0
4/2/2014,2014,2,4,-5.5,-10.8,-8.2,0
5/2/2014,2014,2,5,-8.3,-16.6,-12.5,0
6/2/2014,2014,2,6,-8.8,-18.4,-13.6,0
7/2/2014,2014,2,7,-6.4,-11.5,-9,0.8
8/2/2014,2014,2,8,-6.9,-12.3,-9.6,0
9/2/2014,2014,2,9,-3.2,-11.9,-7.6,0
10/2/2014,2014,2,10,0,-8.6,-4.3,3.4
11/2/2014,2014,2,11,0.8,-3.7,-1.5,0
12/2/2014,2014,2,12,13.3,-1.5,5.9,1.8
13/02/2014,2014,2,13,13.2,-1.2,6,0
14/02/2014,2014,2,14,6.2,0.7,3.5,1.6
15/02/2014,2014,2,15,5.3,-1.2,2.1,1.2
16/02/2014,2014,2,16,6.9,0.8,3.9,3.8
17/02/2014,2014,2,17,7.2,-0.8,3.2,1
18/02/2014,2014,2,18,4.6,0.2,2.4,1
19/02/2014,2014,2,19,8.9,-1.2,3.9,0
20/02/2014,2014,2,20,9.9,0.2,5.1,0
21/02/2014,2014,2,21,4.9,-4.1,0.4,1
22/02/2014,2014,2,22,1.7,-5.6,-2,0
23/02/2014,2014,2,23,-1.5,-3.2,-2.4,6.8
24/02/2014,2014,2,24,-2.3,-6.6,-4.5,2.4
25/02/2014,2014,2,25,-2.8,-13.1,-8,0
26/02/2014,2014,2,26,-0.8,-12.7,-6.8,0
27/02/2014,2014,2,27,3,-8.7,-2.9,0
28/02/2014,2014,2,28,6.2,-4.8,0.7,0
1/3/2014,2014,3,1,-0.6,-5.1,-2.9,0.2
2/3/2014,2014,3,2,-1.8,-5.3,-3.6,0
3/3/2014,2014,3,3,1.6,-3,-0.7,0.2
4/3/2014,2014,3,4,4.6,0.2,2.4,0
5/3/2014,2014,3,5,7.1,0.3,3.7,2.4
6/3/2014,2014,3,6,11.5,2,6.8,4.2
7/3/2014,2014,3,7,14.2,1.5,7.9,0
8/3/2014,2014,3,8,10.8,6.4,8.6,0
9/3/2014,2014,3,9,17.3,6.4,11.9,0
10/3/2014,2014,3,10,10.9,0.3,5.6,0.2
11/3/2014,2014,3,11,14.2,-4.6,4.8,0
12/3/2014,2014,3,12,14.4,-4.2,5.1,0
13/03/2014,2014,3,13,13.6,-2.2,5.7,0
14/03/2014,2014,3,14,15.4,1.8,8.6,0.2
15/03/2014,2014,3,15,11.9,-0.3,5.8,0.6
16/03/2014,2014,3,16,16.4,2.8,9.6,0
17/03/2014,2014,3,17,11.3,2.3,6.8,0
18/03/2014,2014,3,18,11.2,-5.6,2.8,0
19/03/2014,2014,3,19,9.6,2.7,6.2,0.6
20/03/2014,2014,3,20,8.1,-1.6,3.3,0.8
21/03/2014,2014,3,21,9,-5.8,1.6,0
22/03/2014,2014,3,22,4.1,-5.7,-0.8,0
23/03/2014,2014,3,23,10.3,-2.8,3.8,0
24/03/2014,2014,3,24,7.2,-2.4,2.4,0
25/03/2014,2014,3,25,8.3,-1.8,3.3,0
26/03/2014,2014,3,26,13.7,0.8,7.3,0
27/03/2014,2014,3,27,10.9,2.1,6.5,0
28/03/2014,2014,3,28,9.2,-1.5,3.9,0.6
29/03/2014,2014,3,29,13,1.9,7.5,1.2
30/03/2014,2014,3,30,12.7,0.8,6.8,0.6
31/03/2014,2014,3,31,13,-4.1,4.5,0
1/4/2014,2014,4,1,13.2,-2,5.6,0
2/4/2014,2014,4,2,14.8,-4.1,5.4,0
3/4/2014,2014,4,3,13.3,0.2,6.8,0
4/4/2014,2014,4,4,15.6,4.3,10,0
5/4/2014,2014,4,5,14.9,-3.3,5.8,0.2
6/4/2014,2014,4,6,16.5,3,9.8,0
7/4/2014,2014,4,7,17.4,4.3,10.9,0
8/4/2014,2014,4,8,23,0.4,11.7,0
9/4/2014,2014,4,9,16.4,3,9.7,0
10/4/2014,2014,4,10,17.7,-3.2,7.3,0
11/4/2014,2014,4,11,18.3,2.9,10.6,0.2
12/4/2014,2014,4,12,16.1,4.1,10.1,0
13/04/2014,2014,4,13,16,-2.6,6.7,0
14/04/2014,2014,4,14,17.9,-3.5,7.2,0
15/04/2014,2014,4,15,14.3,6,10.2,0
16/04/2014,2014,4,16,13.8,4.8,9.3,0
17/04/2014,2014,4,17,16,6.8,11.4,6.4
18/04/2014,2014,4,18,15.1,2.7,8.9,6.4
19/04/2014,2014,4,19,15.2,-2.1,6.6,0
20/04/2014,2014,4,20,17.2,4,10.6,0
21/04/2014,2014,4,21,14.5,6.2,10.4,0
22/04/2014,2014,4,22,10.2,4.8,7.5,10
23/04/2014,2014,4,23,13.2,-0.2,6.5,0.6
24/04/2014,2014,4,24,11.6,4.7,8.2,5.8
25/04/2014,2014,4,25,14.5,2.3,8.4,0
26/04/2014,2014,4,26,15.8,4.3,10.1,1.2
27/04/2014,2014,4,27,12,2.2,7.1,2.6
28/04/2014,2014,4,28,17,-1.4,7.8,0
29/04/2014,2014,4,29,20,-1.4,9.3,0
30/04/2014,2014,4,30,24.5,1.8,13.2,0
1/5/2014,2014,5,1,25.6,4.1,14.9,0
2/5/2014,2014,5,2,28.5,8.7,18.6,0
3/5/2014,2014,5,3,19.7,8.8,14.3,
4/5/2014,2014,5,4,12.1,7.6,9.9,17.2
5/5/2014,2014,5,5,16.7,7,11.9,1.2
6/5/2014,2014,5,6,17.6,3.3,10.5,0.6
7/5/2014,2014,5,7,20.5,0.2,10.4,0
8/5/2014,2014,5,8,20.5,1.9,11.2,1
9/5/2014,2014,5,9,16.4,8.7,12.6,2
10/5/2014,2014,5,10,17.1,3.8,10.5,0.6
11/5/2014,2014,5,11,21,2.3,11.7,0
12/5/2014,2014,5,12,22.4,0.7,11.6,0
13/05/2014,2014,5,13,22.9,6.6,14.8,0
14/05/2014,2014,5,14,28.7,6.3,17.5,0
15/05/2014,2014,5,15,24.2,10.5,17.4,0
16/05/2014,2014,5,16,25.1,13.1,19.1,0
17/05/2014,2014,5,17,20.4,6.6,13.5,0
18/05/2014,2014,5,18,20.9,3.2,12.1,0
19/05/2014,2014,5,19,23.8,4.4,14.1,0
20/05/2014,2014,5,20,25.8,4.8,15.3,0
21/05/2014,2014,5,21,27,6.9,17,0
22/05/2014,2014,5,22,29.3,10.4,19.9,0
23/05/2014,2014,5,23,24,14.8,19.4,1.4
24/05/2014,2014,5,24,24.2,5.8,15,0
25/05/2014,2014,5,25,16.1,5.4,10.8,1.6
26/05/2014,2014,5,26,20.1,7.5,13.8,1
27/05/2014,2014,5,27,22.6,4.1,13.4,0.6
28/05/2014,2014,5,28,20.3,5.6,13,1
29/05/2014,2014,5,29,20.3,10.1,15.2,2.4
30/05/2014,2014,5,30,21.5,5.6,13.6,0
31/05/2014,2014,5,31,26.4,6.8,16.6,0
1/6/2014,2014,6,1,28.1,9.1,18.6,0
2/6/2014,2014,6,2,26.1,10.9,18.5,0
3/6/2014,2014,6,3,25.3,7.4,16.4,2.2
4/6/2014,2014,6,4,27.1,5.7,16.4,
5/6/2014,2014,6,5,23.9,9.4,16.7,0
6/6/2014,2014,6,6,25.4,8.5,17,0
7/6/2014,2014,6,7,24.8,6.1,15.5,0
8/6/2014,2014,6,8,28.3,7.7,18,0
9/6/2014,2014,6,9,25.1,10.3,17.7,0
10/6/2014,2014,6,10,21.7,9.1,15.4,0
11/6/2014,2014,6,11,25.9,6.1,16,0
12/6/2014,2014,6,12,27.4,13.6,20.5,1.4
13/06/2014,2014,6,13,16,12.4,14.2,23.2
14/06/2014,2014,6,14,23.5,9.9,16.7,0.4
15/06/2014,2014,6,15,20.6,10.3,15.5,0
16/06/2014,2014,6,16,17,10.5,13.8,7.8
17/06/2014,2014,6,17,24.1,9,16.6,0
18/06/2014,2014,6,18,28.2,9.6,18.9,0
19/06/2014,2014,6,19,25.5,9.4,17.5,0
20/06/2014,2014,6,20,23.9,12.9,18.4,0
21/06/2014,2014,6,21,25,4.4,14.7,0
22/06/2014,2014,6,22,29,8.2,18.6,0
23/06/2014,2014,6,23,30.4,13.3,21.9,0
24/06/2014,2014,6,24,23.6,12.7,18.2,4.2
25/06/2014,2014,6,25,27.1,9.3,18.2,0
26/06/2014,2014,6,26,27,12.3,19.7,0.2
27/06/2014,2014,6,27,22.4,12.9,17.7,3.6
28/06/2014,2014,6,28,24.6,12.9,18.8,2
29/06/2014,2014,6,29,24.6,9.3,17,
30/06/2014,2014,6,30,27.5,8.5,18,0
1/7/2014,2014,7,1,29.9,11,20.5,0
2/7/2014,2014,7,2,33.9,14.1,24,0
3/7/2014,2014,7,3,31.6,15.7,23.7,0
4/7/2014,2014,7,4,26.6,10.3,18.5,0
5/7/2014,2014,7,5,30.1,14.5,22.3,0.2
6/7/2014,2014,7,6,30.9,18.2,24.6,0.6
7/7/2014,2014,7,7,29.2,15.2,22.2,0
8/7/2014,2014,7,8,33.7,14.8,24.3,0
9/7/2014,2014,7,9,34.7,13.2,24,0
10/7/2014,2014,7,10,31.3,13.6,22.5,0
11/7/2014,2014,7,11,33,11.9,22.5,0
12/7/2014,2014,7,12,35.1,14,24.6,0
13/07/2014,2014,7,13,36,15.1,25.6,0
14/07/2014,2014,7,14,31.2,19.8,25.5,0.2
15/07/2014,2014,7,15,34.6,15.8,25.2,0
16/07/2014,2014,7,16,36.4,13.8,25.1,0
17/07/2014,2014,7,17,35.7,14.9,25.3,0
18/07/2014,2014,7,18,33,14.1,23.6,0
19/07/2014,2014,7,19,31.8,21.2,26.5,0
20/07/2014,2014,7,20,28.1,11.3,19.7,0
21/07/2014,2014,7,21,29.8,16.7,23.3,0
22/07/2014,2014,7,22,25.1,12.9,19,0
23/07/2014,2014,7,23,27.3,13.8,20.6,14.4
24/07/2014,2014,7,24,20.5,9.8,15.2,5.8
25/07/2014,2014,7,25,26.1,7.2,16.7,0
26/07/2014,2014,7,26,30.6,12.9,21.8,0
27/07/2014,2014,7,27,30.7,14.1,22.4,0
28/07/2014,2014,7,28,32.1,14.4,23.3,0
29/07/2014,2014,7,29,33.2,16.8,25,0
30/07/2014,2014,7,30,33.4,17.1,25.3,0
31/07/2014,2014,7,31,33.2,14.5,23.9,0
1/8/2014,2014,8,1,32.5,15.4,24,0
2/8/2014,2014,8,2,34.2,15.1,24.7,0
3/8/2014,2014,8,3,32.6,13.4,23,0
4/8/2014,2014,8,4,32.5,15.4,24,0
5/8/2014,2014,8,5,36.8,16.8,26.8,0
6/8/2014,2014,8,6,34.2,12.2,23.2,0
7/8/2014,2014,8,7,32.3,12.1,22.2,0
8/8/2014,2014,8,8,31.2,15.8,23.5,0
9/8/2014,2014,8,9,29.9,13,21.5,0
10/8/2014,2014,8,10,30.9,13.7,22.3,0
11/8/2014,2014,8,11,31.5,14.8,23.2,0
12/8/2014,2014,8,12,29.3,14.9,22.1,0
13/08/2014,2014,8,13,30,20.5,25.3,0.2
14/08/2014,2014,8,14,23,15.7,19.4,11.8
15/08/2014,2014,8,15,24.3,15.1,19.7,0
16/08/2014,2014,8,16,27.6,15.8,21.7,0
17/08/2014,2014,8,17,30,14.8,22.4,0
18/08/2014,2014,8,18,32,15.9,24,0
19/08/2014,2014,8,19,31.3,17.8,24.6,0
20/08/2014,2014,8,20,27.9,13.8,20.9,0
21/08/2014,2014,8,21,24.4,13.7,19.1,0.2
22/08/2014,2014,8,22,22.3,14.4,18.4,3.2
23/08/2014,2014,8,23,28,13.1,20.6,0
24/08/2014,2014,8,24,27.4,13.8,20.6,0
25/08/2014,2014,8,25,25.7,8.5,17.1,0
26/08/2014,2014,8,26,31.7,12,21.9,0
27/08/2014,2014,8,27,32.8,16.2,24.5,0
28/08/2014,2014,8,28,27.9,14.9,21.4,0.4
29/08/2014,2014,8,29,22.2,11.1,16.7,0
30/08/2014,2014,8,30,26,10.8,18.4,0
31/08/2014,2014,8,31,22.8,11.1,17,0
1/9/2014,2014,9,1,25.8,6.2,16,0
2/9/2014,2014,9,2,20.5,12.3,16.4,6
3/9/2014,2014,9,3,21,9.8,15.4,4.6
4/9/2014,2014,9,4,24,5.2,14.6,0
5/9/2014,2014,9,5,24.4,7.7,16.1,0
6/9/2014,2014,9,6,25.8,9.4,17.6,0
7/9/2014,2014,9,7,30.5,7.8,19.2,0
8/9/2014,2014,9,8,28.4,16.2,22.3,0
9/9/2014,2014,9,9,21,10.6,15.8,0
10/9/2014,2014,9,10,18.4,10,14.2,0
11/9/2014,2014,9,11,20.3,2.1,11.2,0
12/9/2014,2014,9,12,20.7,0.1,10.4,0
13/09/2014,2014,9,13,23,6.7,14.9,0
14/09/2014,2014,9,14,23.4,6.7,15.1,0
15/09/2014,2014,9,15,24.4,5.4,14.9,0
16/09/2014,2014,9,16,25.1,5.8,15.5,0
17/09/2014,2014,9,17,22.3,9.6,16,0
18/09/2014,2014,9,18,20.6,15.9,18.3,4
19/09/2014,2014,9,19,27.5,12.5,20,0.4
20/09/2014,2014,9,20,24.3,9.5,16.9,0
21/09/2014,2014,9,21,25,8.1,16.6,0
22/09/2014,2014,9,22,21,8.8,14.9,1.4
23/09/2014,2014,9,23,20.9,11.1,16,2.6
24/09/2014,2014,9,24,20.1,16.1,18.1,5
25/09/2014,2014,9,25,18.9,13.5,16.2,1.8
26/09/2014,2014,9,26,18.2,8.2,13.2,2.6
27/09/2014,2014,9,27,19.9,8.8,14.4,0
28/09/2014,2014,9,28,20,8,14,0
29/09/2014,2014,9,29,22,4.7,13.4,0
30/09/2014,2014,9,30,18.2,6.1,12.2,2.8
1/10/2014,2014,10,1,19.5,2.5,11,0
2/10/2014,2014,10,2,17.5,6.8,12.2,0
3/10/2014,2014,10,3,18.3,1.7,10,0
4/10/2014,2014,10,4,19,7.5,13.3,0
5/10/2014,2014,10,5,19.1,4.5,11.8,0
6/10/2014,2014,10,6,20.4,7.8,14.1,0
7/10/2014,2014,10,7,21.4,7.8,14.6,0
8/10/2014,2014,10,8,20.5,8.9,14.7,0
9/10/2014,2014,10,9,19.3,6.1,12.7,0
10/10/2014,2014,10,10,22.3,2.9,12.6,0
11/10/2014,2014,10,11,19.1,9.7,14.4,0
12/10/2014,2014,10,12,18.6,4.3,11.5,1.2
13/10/2014,2014,10,13,20.2,6.5,13.4,0.4
14/10/2014,2014,10,14,18.6,9.7,14.2,2.2
15/10/2014,2014,10,15,13.5,8.4,11,7.4
16/10/2014,2014,10,16,14.2,5.7,10,0
17/10/2014,2014,10,17,14.4,5.3,9.9,0.2
18/10/2014,2014,10,18,16.2,12.4,14.3,0
19/10/2014,2014,10,19,20.8,10.3,15.6,0
20/10/2014,2014,10,20,15.8,9.3,12.6,8.4
21/10/2014,2014,10,21,16.6,11.6,14.1,0
22/10/2014,2014,10,22,14.2,10.6,12.4,9.6
23/10/2014,2014,10,23,15.6,7.5,11.6,5.2
24/10/2014,2014,10,24,12.4,1,6.7,0
25/10/2014,2014,10,25,13.6,6.2,9.9,4.4
26/10/2014,2014,10,26,14.3,6.3,10.3,0.4
27/10/2014,2014,10,27,12,4.4,8.2,0
28/10/2014,2014,10,28,10.5,8.1,9.3,1.4
29/10/2014,2014,10,29,13.8,9.5,11.7,0
30/10/2014,2014,10,30,12.6,8.9,10.8,0.4
31/10/2014,2014,10,31,12.9,7.8,10.4,4.2
1/11/2014,2014,11,1,12.5,2.1,7.3,0
2/11/2014,2014,11,2,11.7,-1.9,4.9,0
3/11/2014,2014,11,3,11.2,4.7,8,0.4
4/11/2014,2014,11,4,15.1,7.5,11.3,
5/11/2014,2014,11,5,12.6,4.3,8.5,2.2
6/11/2014,2014,11,6,14.9,10.4,12.7,1.2
7/11/2014,2014,11,7,15.4,2.3,8.9,0
8/11/2014,2014,11,8,10,6.5,8.3,0
9/11/2014,2014,11,9,10.9,7.4,9.2,0.2
10/11/2014,2014,11,10,8.9,2.3,5.6,0.2
11/11/2014,2014,11,11,4,-8.2,-2.1,0.2
12/11/2014,2014,11,12,0.2,-11.6,-5.7,0
13/11/2014,2014,11,13,-0.2,-9.9,-5.1,0
14/11/2014,2014,11,14,0.2,-8.6,-4.2,0
15/11/2014,2014,11,15,0.3,-9.4,-4.6,0
16/11/2014,2014,11,16,-1,-10.3,-5.7,0
17/11/2014,2014,11,17,-0.3,-12.3,-6.3,0
18/11/2014,2014,11,18,0.7,-10.4,-4.9,0
19/11/2014,2014,11,19,3.7,-4.1,-0.2,0
20/11/2014,2014,11,20,7.3,-1.2,3.1,0
21/11/2014,2014,11,21,4.3,1.3,2.8,5
22/11/2014,2014,11,22,6.5,2.3,4.4,0
23/11/2014,2014,11,23,7.1,-1.9,2.6,0
24/11/2014,2014,11,24,5.2,-1.9,1.7,0
25/11/2014,2014,11,25,4.6,0.1,2.4,16.8
26/11/2014,2014,11,26,4,0,2,18.2
27/11/2014,2014,11,27,9.2,3.4,6.3,0.6
28/11/2014,2014,11,28,9.6,-6.2,1.7,1.1
29/11/2014,2014,11,29,-6.2,-12.9,-9.6,0
30/11/2014,2014,11,30,-8.8,-13.8,-11.3,0
1/12/2014,2014,12,1,-5.8,-13.2,-9.5,0
2/12/2014,2014,12,2,-3.8,-14.4,-9.1,0
3/12/2014,2014,12,3,-4,-7.3,-5.7,0
4/12/2014,2014,12,4,-2,-5.4,-3.7,1.4
5/12/2014,2014,12,5,-1.1,-3.8,-2.5,7.2
6/12/2014,2014,12,6,3.7,-1.4,1.2,5.6
7/12/2014,2014,12,7,3.8,1.9,2.9,0
8/12/2014,2014,12,8,6.5,0.1,3.3,0
9/12/2014,2014,12,9,8.1,6,7.1,0
10/12/2014,2014,12,10,10.4,4.9,7.7,2.8
11/12/2014,2014,12,11,10.4,4.2,7.3,11.6
12/12/2014,2014,12,12,10.3,-0.4,5,0
13/12/2014,2014,12,13,6.3,-2.5,1.9,0
14/12/2014,2014,12,14,3.2,0.5,1.9,0
15/12/2014,2014,12,15,2.5,-2,0.3,0
16/12/2014,2014,12,16,0.6,-1.2,-0.3,1
17/12/2014,2014,12,17,2.1,0,1.1,2.2
18/12/2014,2014,12,18,5.2,1.3,3.3,2.6
19/12/2014,2014,12,19,6.4,3.4,4.9,1
20/12/2014,2014,12,20,5.2,3.7,4.5,3.4
21/12/2014,2014,12,21,7.9,4.4,6.2,1.2
22/12/2014,2014,12,22,8.2,-1.4,3.4,0
23/12/2014,2014,12,23,7.1,-1.3,2.9,1.8
24/12/2014,2014,12,24,5.4,-0.5,2.5,0.4
25/12/2014,2014,12,25,2.9,-1.7,0.6,0
26/12/2014,2014,12,26,3.7,-2.8,0.5,0
27/12/2014,2014,12,27,1.6,0,0.8,4.2
28/12/2014,2014,12,28,2.7,-0.3,1.2,0
29/12/2014,2014,12,29,0.6,-5.6,-2.5,0.2
30/12/2014,2014,12,30,-5.2,-10.2,-7.7,0
31/12/2014,2014,12,31,-5.8,-9.6,-7.7,0
1/1/2015,2015,1,1,-2.8,-5.9,-4.4,0
2/1/2015,2015,1,2,-1.9,-4.3,-3.1,1
3/1/2015,2015,1,3,-2.7,-6.5,-4.6,0.8
4/1/2015,2015,1,4,-0.2,-6.1,-3.2,
5/1/2015,2015,1,5,0,-2.7,-1.4,43.4
6/1/2015,2015,1,6,2.5,-1.6,0.5,0
7/1/2015,2015,1,7,2.7,0.6,1.7,0
8/1/2015,2015,1,8,2.8,1.4,2.1,0
9/1/2015,2015,1,9,2.3,0.6,1.5,0
10/1/2015,2015,1,10,1.8,-0.5,0.7,0.6
11/1/2015,2015,1,11,2.9,-2.4,0.3,0
12/1/2015,2015,1,12,2.5,-2.3,0.1,0
13/01/2015,2015,1,13,1.7,-0.1,0.8,0
14/01/2015,2015,1,14,1.4,0.1,0.8,0
15/01/2015,2015,1,15,1.9,0.4,1.2,0.2
16/01/2015,2015,1,16,3.5,1,2.3,0
17/01/2015,2015,1,17,1.9,0.1,1,5.6
18/01/2015,2015,1,18,6.4,0.4,3.4,3.2
19/01/2015,2015,1,19,6.5,0.6,3.6,0
20/01/2015,2015,1,20,3.1,-5.2,-1.1,0
21/01/2015,2015,1,21,-0.7,-3,-1.9,0
22/01/2015,2015,1,22,4.1,-1.3,1.4,0.4
23/01/2015,2015,1,23,4.1,2,3.1,0.8
24/01/2015,2015,1,24,3.6,1.9,2.8,1.6
25/01/2015,2015,1,25,6.7,3.3,5,0
26/01/2015,2015,1,26,5.3,1.9,3.6,0
27/01/2015,2015,1,27,5.8,1.6,3.7,0
28/01/2015,2015,1,28,2.8,-2.6,0.1,0
29/01/2015,2015,1,29,2.7,1,1.9,1.2
30/01/2015,2015,1,30,3.8,1.1,2.5,0
31/01/2015,2015,1,31,6.8,-2.9,2,0
1/2/2015,2015,2,1,3.3,0.4,1.9,5.2
2/2/2015,2015,2,2,3.7,1,2.4,1.6
3/2/2015,2015,2,3,4.4,-1.4,1.5,0
4/2/2015,2015,2,4,4,1,2.5,0.8
5/2/2015,2015,2,5,7.1,1.6,4.4,1.2
6/2/2015,2015,2,6,12.4,6.5,9.5,0.4
7/2/2015,2015,2,7,10.4,7.3,8.9,0.4
8/2/2015,2015,2,8,13,5.9,9.5,0
9/2/2015,2015,2,9,9.2,4.8,7,5
10/2/2015,2015,2,10,8.9,4.9,6.9,1.2
11/2/2015,2015,2,11,11.6,5.4,8.5,0.4
12/2/2015,2015,2,12,9.5,6,7.8,0.8
13/02/2015,2015,2,13,9.7,3.2,6.5,0
14/02/2015,2015,2,14,12.9,4.6,8.8,1
15/02/2015,2015,2,15,10,-1.1,4.5,0
16/02/2015,2015,2,16,6.2,-1.5,2.4,0
17/02/2015,2015,2,17,4.2,-3.1,0.6,0
18/02/2015,2015,2,18,7.7,-3.4,2.2,0
19/02/2015,2015,2,19,6.9,-2.9,2,0
20/02/2015,2015,2,20,9.9,0.9,5.4,0.6
21/02/2015,2015,2,21,11,-1.9,4.6,0
22/02/2015,2015,2,22,6.2,-4.9,0.7,0
23/02/2015,2015,2,23,7.8,-5.1,1.4,0
24/02/2015,2015,2,24,10.2,-2.1,4.1,0
25/02/2015,2015,2,25,8.3,-4.7,1.8,0
26/02/2015,2015,2,26,6.1,1.6,3.9,0
27/02/2015,2015,2,27,9.4,2,5.7,0
28/02/2015,2015,2,28,7.5,-3.4,2.1,0
1/3/2015,2015,3,1,9.7,-5.3,2.2,0
2/3/2015,2015,3,2,8.9,-2.2,3.4,0
3/3/2015,2015,3,3,5.9,-5.4,0.3,0
4/3/2015,2015,3,4,6.1,-8.4,-1.2,0
5/3/2015,2015,3,5,12.4,-6.3,3.1,0
6/3/2015,2015,3,6,10,1,5.5,0
7/3/2015,2015,3,7,12.8,-2.9,5,0
8/3/2015,2015,3,8,15.3,-3.2,6.1,0
9/3/2015,2015,3,9,18.1,-2.5,7.8,0
10/3/2015,2015,3,10,13.3,-2.4,5.5,0
11/3/2015,2015,3,11,18.6,5,11.8,0
12/3/2015,2015,3,12,19.6,3.8,11.7,0
13/03/2015,2015,3,13,16.4,1.9,9.2,0
14/03/2015,2015,3,14,19.1,11.5,15.3,0
15/03/2015,2015,3,15,13.9,4.8,9.4,12.8
16/03/2015,2015,3,16,10,0.3,5.2,0.6
17/03/2015,2015,3,17,12.1,0.7,6.4,0
18/03/2015,2015,3,18,16.6,0.6,8.6,0
19/03/2015,2015,3,19,12.6,5,8.8,0
20/03/2015,2015,3,20,14.9,6,10.5,3.8
21/03/2015,2015,3,21,15.7,5.7,10.7,1.3
22/03/2015,2015,3,22,13.4,-1.7,5.9,0
23/03/2015,2015,3,23,14.6,1.6,8.1,0.4
24/03/2015,2015,3,24,12.5,2.1,7.3,0.6
25/03/2015,2015,3,25,10.3,2.8,6.6,2.2
26/03/2015,2015,3,26,16.3,6,11.2,0
27/03/2015,2015,3,27,18.2,5.9,12.1,0
28/03/2015,2015,3,28,17.8,8.9,13.4,0
29/03/2015,2015,3,29,15.6,7,11.3,0
30/03/2015,2015,3,30,19.4,5.2,12.3,0
31/03/2015,2015,3,31,15.4,4.1,9.8,1.8
1/4/2015,2015,4,1,11.8,-0.3,5.8,1
2/4/2015,2015,4,2,13.9,-0.4,6.8,0
3/4/2015,2015,4,3,13.7,1.3,7.5,0.4
4/4/2015,2015,4,4,12.9,-2.5,5.2,0.2
5/4/2015,2015,4,5,12.9,-2.5,5.2,0
6/4/2015,2015,4,6,16.1,2.1,9.1,0
7/4/2015,2015,4,7,15.2,2,8.6,0
8/4/2015,2015,4,8,16.9,-0.3,8.3,0
9/4/2015,2015,4,9,19.1,-1.6,8.8,0
10/4/2015,2015,4,10,15.6,7.1,11.4,0
11/4/2015,2015,4,11,13.9,6,10,0
12/4/2015,2015,4,12,12.6,4,8.3,0
13/04/2015,2015,4,13,15.8,4.3,10.1,0
14/04/2015,2015,4,14,12.8,0.6,6.7,1.4
15/04/2015,2015,4,15,16.6,-4.5,6.1,0
16/04/2015,2015,4,16,20.1,-1.5,9.3,0
17/04/2015,2015,4,17,23.8,0.6,12.2,0
18/04/2015,2015,4,18,19.6,3.9,11.8,0
19/04/2015,2015,4,19,20.3,1.4,10.9,0
20/04/2015,2015,4,20,21.6,3.4,12.5,0
21/04/2015,2015,4,21,25.5,3.5,14.5,0
22/04/2015,2015,4,22,16.2,4.4,10.3,0
23/04/2015,2015,4,23,15.8,0.2,8,0
24/04/2015,2015,4,24,13.1,0.9,7,4.4
25/04/2015,2015,4,25,12.1,2.1,7.1,0
26/04/2015,2015,4,26,18.1,1.7,9.9,0
27/04/2015,2015,4,27,20.6,10.5,15.6,0
28/04/2015,2015,4,28,25.2,2.7,14,0
29/04/2015,2015,4,29,19.8,6,12.9,0
30/04/2015,2015,4,30,17.6,2,9.8,0
1/5/2015,2015,5,1,21.5,7.8,14.7,0.2
2/5/2015,2015,5,2,18,5.4,11.7,0
3/5/2015,2015,5,3,18.7,0.5,9.6,0
4/5/2015,2015,5,4,24.1,0.9,12.5,0
5/5/2015,2015,5,5,15.9,3.2,9.6,1.4
6/5/2015,2015,5,6,16.9,-0.1,8.4,0
7/5/2015,2015,5,7,20.2,0.6,10.4,0
8/5/2015,2015,5,8,22.6,3.4,13,0
9/5/2015,2015,5,9,23.2,2.4,12.8,0
10/5/2015,2015,5,10,25.8,5.3,15.6,0
11/5/2015,2015,5,11,25.2,6.9,16.1,0.6
12/5/2015,2015,5,12,20.1,4.8,12.5,0
13/05/2015,2015,5,13,16.4,8.5,12.5,0.2
14/05/2015,2015,5,14,20.9,4.2,12.6,0
15/05/2015,2015,5,15,25.1,4.8,15,0
16/05/2015,2015,5,16,26.8,9.5,18.2,
17/05/2015,2015,5,17,19.9,12.5,16.2,24.2
18/05/2015,2015,5,18,25.3,11.3,18.3,0
19/05/2015,2015,5,19,26.5,10.6,18.6,0
20/05/2015,2015,5,20,27,9.1,18.1,0
21/05/2015,2015,5,21,28.1,9.6,18.9,0
22/05/2015,2015,5,22,28.8,10.7,19.8,0
23/05/2015,2015,5,23,28.8,11.7,20.3,0
24/05/2015,2015,5,24,24.9,12.7,18.8,3.4
25/05/2015,2015,5,25,23.2,8.6,15.9,0
26/05/2015,2015,5,26,21,13.6,17.3,0.8
27/05/2015,2015,5,27,27.1,8.7,17.9,0
28/05/2015,2015,5,28,29.8,9.5,19.7,
29/05/2015,2015,5,29,27.4,14.8,21.1,5.6
30/05/2015,2015,5,30,27.9,12.7,20.3,0
31/05/2015,2015,5,31,26.1,10.9,18.5,0
1/6/2015,2015,6,1,27.2,13.1,20.2,12.2
2/6/2015,2015,6,2,19.1,14.5,16.8,12
3/6/2015,2015,6,3,17,12.6,14.8,1.4
4/6/2015,2015,6,4,24.2,12.4,18.3,1.4
5/6/2015,2015,6,5,27.2,9.7,18.5,0
6/6/2015,2015,6,6,28.8,11.3,20.1,0
7/6/2015,2015,6,7,33.8,13.1,23.5,0
8/6/2015,2015,6,8,36.7,12.7,24.7,0
9/6/2015,2015,6,9,32.9,12.5,22.7,0
10/6/2015,2015,6,10,31.9,12.5,22.2,0
11/6/2015,2015,6,11,31,9.8,20.4,0
12/6/2015,2015,6,12,21.8,9,15.4,0
13/06/2015,2015,6,13,24.4,3.7,14.1,0
14/06/2015,2015,6,14,26.7,8,17.4,0
15/06/2015,2015,6,15,28.1,10.4,19.3,0
16/06/2015,2015,6,16,31.5,9.6,20.6,0
17/06/2015,2015,6,17,30.9,12.2,21.6,0
18/06/2015,2015,6,18,27,15,21,0
19/06/2015,2015,6,19,25.9,15.5,20.7,0
20/06/2015,2015,6,20,25.5,7.7,16.6,4.2
21/06/2015,2015,6,21,25.5,8.9,17.2,0
22/06/2015,2015,6,22,28.9,9.9,19.4,
23/06/2015,2015,6,23,29.1,12.9,21,0.6
24/06/2015,2015,6,24,30.7,12.7,21.7,0
25/06/2015,2015,6,25,33.6,13,23.3,0
26/06/2015,2015,6,26,34.4,18.2,26.3,0
27/06/2015,2015,6,27,36.2,17.3,26.8,0
28/06/2015,2015,6,28,36.4,16.6,26.5,0
29/06/2015,2015,6,29,30.1,20.3,25.2,9
30/06/2015,2015,6,30,32.9,16,24.5,0
1/7/2015,2015,7,1,32.3,19.8,26.1,0
2/7/2015,2015,7,2,34.8,16,25.4,0
3/7/2015,2015,7,3,36.9,17.6,27.3,0
4/7/2015,2015,7,4,34.6,18.6,26.6,0
5/7/2015,2015,7,5,32.5,16.1,24.3,0
6/7/2015,2015,7,6,32.7,12.6,22.7,0
7/7/2015,2015,7,7,35.9,17.8,26.9,0
8/7/2015,2015,7,8,36.9,12.8,24.9,0
9/7/2015,2015,7,9,36.1,15,25.6,0
10/7/2015,2015,7,10,33.7,18.5,26.1,0.4
11/7/2015,2015,7,11,28.7,16.7,22.7,3.4
12/7/2015,2015,7,12,26.7,16.3,21.5,13
13/07/2015,2015,7,13,28.7,15.8,22.3,0.4
14/07/2015,2015,7,14,30.2,12.4,21.3,0
15/07/2015,2015,7,15,29.7,14.4,22.1,0
16/07/2015,2015,7,16,26.7,16.9,21.8,0
17/07/2015,2015,7,17,29.8,13.6,21.7,0
18/07/2015,2015,7,18,32.6,15.4,24,0
19/07/2015,2015,7,19,36.2,14,25.1,0
20/07/2015,2015,7,20,37.5,18.5,28,0
21/07/2015,2015,7,21,29.8,11.8,20.8,0
22/07/2015,2015,7,22,28.4,12.7,20.6,0
23/07/2015,2015,7,23,29.3,14.3,21.8,0
24/07/2015,2015,7,24,27,13.7,20.4,0.2
25/07/2015,2015,7,25,24.6,15.3,20,7.4
26/07/2015,2015,7,26,23.4,11.6,17.5,2.2
27/07/2015,2015,7,27,26,10.9,18.5,0
28/07/2015,2015,7,28,28.5,11.2,19.9,0
29/07/2015,2015,7,29,32.3,11.1,21.7,0
30/07/2015,2015,7,30,32.6,12.1,22.4,0
31/07/2015,2015,7,31,34.2,11.1,22.7,0
1/8/2015,2015,8,1,35.4,13.3,24.4,0
2/8/2015,2015,8,2,34.4,12.6,23.5,0
3/8/2015,2015,8,3,31.4,20.5,26,0
4/8/2015,2015,8,4,31.2,14.4,22.8,4
5/8/2015,2015,8,5,23.8,10,16.9,4.8
6/8/2015,2015,8,6,25.6,12.9,19.3,0
7/8/2015,2015,8,7,30.1,10.3,20.2,0
8/8/2015,2015,8,8,31.8,14.1,23,0
9/8/2015,2015,8,9,30.7,15.5,23.1,0
10/8/2015,2015,8,10,30.7,17,23.9,0
11/8/2015,2015,8,11,32.5,16.2,24.4,0
12/8/2015,2015,8,12,32.4,15.5,24,0
13/08/2015,2015,8,13,35.8,14.6,25.2,0
14/08/2015,2015,8,14,32.8,15,23.9,0
15/08/2015,2015,8,15,23.6,16.4,20,0
16/08/2015,2015,8,16,28.9,10.2,19.6,0
17/08/2015,2015,8,17,30.2,13.8,22,0
18/08/2015,2015,8,18,31.3,13.1,22.2,0
19/08/2015,2015,8,19,35.5,10.2,22.9,0
20/08/2015,2015,8,20,33.7,12.6,23.2,0
21/08/2015,2015,8,21,22.1,14,18.1,1
22/08/2015,2015,8,22,27.2,6.6,16.9,0
23/08/2015,2015,8,23,26.9,8.7,17.8,0
24/08/2015,2015,8,24,26.6,9.9,18.3,0
25/08/2015,2015,8,25,25.6,11.7,18.7,0
26/08/2015,2015,8,26,25.5,9.4,17.5,0
27/08/2015,2015,8,27,32.8,9.3,21.1,0
28/08/2015,2015,8,28,26.4,15.9,21.2,0
29/08/2015,2015,8,29,25.7,16.5,21.1,6.4
30/08/2015,2015,8,30,21.1,12.9,17,5.6
31/08/2015,2015,8,31,19.6,15.6,17.6,0.8
1/9/2015,2015,9,1,21.9,14,18,4.8
2/9/2015,2015,9,2,22.3,10.7,16.5,0
3/9/2015,2015,9,3,20.6,7.6,14.1,0
4/9/2015,2015,9,4,20.5,7.6,14.1,0
5/9/2015,2015,9,5,19,8.9,14,0
6/9/2015,2015,9,6,21.4,2.3,11.9,0
7/9/2015,2015,9,7,22.6,6.3,14.5,0
8/9/2015,2015,9,8,20.7,11.7,16.2,0.8
9/9/2015,2015,9,9,22.8,10.6,16.7,0
10/9/2015,2015,9,10,24.9,9.2,17.1,0
11/9/2015,2015,9,11,26,10.4,18.2,0
12/9/2015,2015,9,12,29.1,9.5,19.3,0
13/09/2015,2015,9,13,26.9,14.3,20.6,0
14/09/2015,2015,9,14,18.2,7.7,13,0
15/09/2015,2015,9,15,19.1,5,12.1,0
16/09/2015,2015,9,16,21,5,13,0
17/09/2015,2015,9,17,19.2,3.9,11.6,0
18/09/2015,2015,9,18,21,10.6,15.8,0
19/09/2015,2015,9,19,20.8,15.3,18.1,0.2
20/09/2015,2015,9,20,28.8,16.2,22.5,0
21/09/2015,2015,9,21,19.8,7.5,13.7,0
22/09/2015,2015,9,22,19.4,3.1,11.3,0
23/09/2015,2015,9,23,23,2.5,12.8,0
24/09/2015,2015,9,24,25.1,3.7,14.4,0
25/09/2015,2015,9,25,21,11.7,16.4,2.8
26/09/2015,2015,9,26,19.7,4.8,12.3,0
27/09/2015,2015,9,27,18.8,1.7,10.3,0
28/09/2015,2015,9,28,18.2,3.9,11.1,0
29/09/2015,2015,9,29,19,2.5,10.8,0
30/09/2015,2015,9,30,20.4,2.1,11.3,
1/10/2015,2015,10,1,21.3,6.2,13.8,0
2/10/2015,2015,10,2,15.6,4.5,10.1,3.4
3/10/2015,2015,10,3,17.1,9,13.1,0.2
4/10/2015,2015,10,4,16.9,3.3,10.1,0
5/10/2015,2015,10,5,16.1,3,9.6,0
6/10/2015,2015,10,6,17.2,1.8,9.5,0
7/10/2015,2015,10,7,14.9,7.4,11.2,1.6
8/10/2015,2015,10,8,17.4,13.4,15.4,0.2
9/10/2015,2015,10,9,20.6,13.5,17.1,0.3
10/10/2015,2015,10,10,19.6,13.1,16.4,4.4
11/10/2015,2015,10,11,19.3,10,14.7,0.2
12/10/2015,2015,10,12,19.3,5.6,12.5,0
13/10/2015,2015,10,13,17.5,5.7,11.6,0
14/10/2015,2015,10,14,15.8,2,8.9,0
15/10/2015,2015,10,15,15.1,2.8,9,0
16/10/2015,2015,10,16,16.5,3,9.8,0
17/10/2015,2015,10,17,17.9,3.4,10.7,0
18/10/2015,2015,10,18,15.9,9,12.5,3.2
19/10/2015,2015,10,19,19,10.6,14.8,2
20/10/2015,2015,10,20,16.1,3.8,10,0
21/10/2015,2015,10,21,15.8,0.3,8.1,0
22/10/2015,2015,10,22,17.8,0.7,9.3,0
23/10/2015,2015,10,23,14.2,-1.4,6.4,0
24/10/2015,2015,10,24,10,-0.5,4.8,0
25/10/2015,2015,10,25,11.3,0.9,6.1,0.2
26/10/2015,2015,10,26,14.1,5.3,9.7,2.4
27/10/2015,2015,10,27,12.1,1.9,7,0
28/10/2015,2015,10,28,8,1.3,4.7,4.8
29/10/2015,2015,10,29,13.3,6.1,9.7,0
30/10/2015,2015,10,30,14.9,7.8,11.4,1
31/10/2015,2015,10,31,13.1,7.4,10.3,16.2
1/11/2015,2015,11,1,11.3,5.6,8.5,3.8
2/11/2015,2015,11,2,10.3,2.2,6.3,0.8
3/11/2015,2015,11,3,10.3,0.8,5.6,1
4/11/2015,2015,11,4,7.9,-4.1,1.9,0
5/11/2015,2015,11,5,8.9,-0.2,4.4,1.2
6/11/2015,2015,11,6,8.1,-2.9,2.6,0
7/11/2015,2015,11,7,10.5,8,9.3,0.2
8/11/2015,2015,11,8,12.7,5.1,8.9,2
9/11/2015,2015,11,9,9.1,1.6,5.4,0
10/11/2015,2015,11,10,6.5,-4.4,1.1,0
11/11/2015,2015,11,11,11.5,-1.8,4.9,1
12/11/2015,2015,11,12,6.9,-4.7,1.1,0
13/11/2015,2015,11,13,14.4,5.6,10,0.2
14/11/2015,2015,11,14,9.2,5.2,7.2,4
15/11/2015,2015,11,15,5.8,3.6,4.7,8.4
16/11/2015,2015,11,16,5.7,-3.1,1.3,0
17/11/2015,2015,11,17,10.4,3.2,6.8,14.8
18/11/2015,2015,11,18,6,-0.5,2.8,0.4
19/11/2015,2015,11,19,4.8,-3.1,0.9,0
20/11/2015,2015,11,20,5.5,-5.5,0,0
21/11/2015,2015,11,21,2,-7,-2.5,0
22/11/2015,2015,11,22,2.9,-6,-1.6,0
23/11/2015,2015,11,23,3.8,-0.9,1.5,0.2
24/11/2015,2015,11,24,1.5,-2,-0.3,3
25/11/2015,2015,11,25,0.1,-6.3,-3.1,0
26/11/2015,2015,11,26,-1.2,-6.9,-4.1,0
27/11/2015,2015,11,27,-3.2,-5.5,-4.4,0
28/11/2015,2015,11,28,-3.4,-4.4,-3.9,0
29/11/2015,2015,11,29,-3.3,-4.3,-3.8,0
30/11/2015,2015,11,30,-4,-5.6,-4.8,0
1/12/2015,2015,12,1,-1.5,-4.1,-2.8,0
2/12/2015,2015,12,2,1.9,-1.8,0.1,0.4
3/12/2015,2015,12,3,6.8,1.5,4.2,2.8
4/12/2015,2015,12,4,6.8,3.7,5.3,0
5/12/2015,2015,12,5,5.2,3.5,4.4,1.6
6/12/2015,2015,12,6,6.7,3.1,4.9,1.6
7/12/2015,2015,12,7,7.3,5.3,6.3,0.4
8/12/2015,2015,12,8,8.9,4.4,6.7,0.6
9/12/2015,2015,12,9,10.7,2,6.4,4.2
10/12/2015,2015,12,10,5.7,-0.1,2.8,1.4
11/12/2015,2015,12,11,5.1,0.3,2.7,0
12/12/2015,2015,12,12,3.6,0.9,2.3,5.2
13/12/2015,2015,12,13,5.9,2.4,4.2,0.4
14/12/2015,2015,12,14,6.6,-0.2,3.2,0
15/12/2015,2015,12,15,2.7,-5.5,-1.4,0
16/12/2015,2015,12,16,4.3,-6.2,-1,0.4
17/12/2015,2015,12,17,-0.8,-7,-3.9,2.2
18/12/2015,2015,12,18,2.2,-1.8,0.2,3.4
19/12/2015,2015,12,19,1.1,-0.1,0.5,0
20/12/2015,2015,12,20,1.8,-0.4,0.7,0.4
21/12/2015,2015,12,21,0.8,-1.3,-0.3,2.4
22/12/2015,2015,12,22,1.2,-2.8,-0.8,1.2
23/12/2015,2015,12,23,0.4,-2.2,-0.9,0.8
24/12/2015,2015,12,24,0.7,-2.6,-1,3
25/12/2015,2015,12,25,0.2,-5.8,-2.8,0.8
26/12/2015,2015,12,26,-3.3,-8.7,-6,5.8
27/12/2015,2015,12,27,-0.2,-3.4,-1.8,9.3
28/12/2015,2015,12,28,0.1,-5.4,-2.7,2.8
29/12/2015,2015,12,29,-0.4,-2.8,-1.6,0.2
30/12/2015,2015,12,30,-0.8,-8,-4.4,0
31/12/2015,2015,12,31,-4.2,-16.6,-10.4,0
1/1/2016,2016,1,1,-5.8,-16.8,-11.3,0
2/1/2016,2016,1,2,-5.9,-7.2,-6.6,0
3/1/2016,2016,1,3,-6.1,-6.9,-6.5,0.4
4/1/2016,2016,1,4,-3.5,-6.3,-4.9,4.6
5/1/2016,2016,1,5,-0.5,-3.8,-2.2,0.8
6/1/2016,2016,1,6,2.3,-0.9,0.7,0.6
7/1/2016,2016,1,7,2.7,0.5,1.6,1.6
8/1/2016,2016,1,8,3.7,-0.1,1.8,0
9/1/2016,2016,1,9,2.5,0.1,1.3,0
10/1/2016,2016,1,10,2.3,0.4,1.4,0
11/1/2016,2016,1,11,1.9,0.7,1.3,0
12/1/2016,2016,1,12,2.4,0.2,1.3,0
13/01/2016,2016,1,13,4,1.6,2.8,2.4
14/01/2016,2016,1,14,1.7,-2,-0.2,0
15/01/2016,2016,1,15,-1.2,-3.7,-2.5,0
16/01/2016,2016,1,16,2.8,-2.6,0.1,7.4
17/01/2016,2016,1,17,3.5,1.2,2.4,0.2
18/01/2016,2016,1,18,3.9,1,2.5,0.2
19/01/2016,2016,1,19,3.1,0.8,2,4
20/01/2016,2016,1,20,4.9,0.6,2.8,4.5
21/01/2016,2016,1,21,6,1.8,3.9,3.2
22/01/2016,2016,1,22,8.7,3.5,6.1,0.4
23/01/2016,2016,1,23,3.9,-0.7,1.6,8
24/01/2016,2016,1,24,4.3,0.7,2.5,1.4
25/01/2016,2016,1,25,2.8,0.3,1.6,0
26/01/2016,2016,1,26,4.9,1.1,3,0.2
27/01/2016,2016,1,27,6.4,3.1,4.8,0
28/01/2016,2016,1,28,7.3,3.8,5.6,0.2
29/01/2016,2016,1,29,4.3,1.4,2.9,1.8
30/01/2016,2016,1,30,4.6,0.5,2.6,0
31/01/2016,2016,1,31,2.9,0.2,1.6,0.4
1/2/2016,2016,2,1,1.9,-0.5,0.7,0.4
2/2/2016,2016,2,2,2.7,-7.3,-2.3,0
3/2/2016,2016,2,3,0.8,-7.5,-3.4,1.2
4/2/2016,2016,2,4,3.2,0.7,2,0
5/2/2016,2016,2,5,6.9,1.3,4.1,0
6/2/2016,2016,2,6,6.7,-3,1.9,0.4
7/2/2016,2016,2,7,3.2,-4.5,-0.7,0
8/2/2016,2016,2,8,3.7,-3.6,0.1,0
9/2/2016,2016,2,9,6.3,-5.6,0.4,0
10/2/2016,2016,2,10,6.8,-3.5,1.7,0.5
11/2/2016,2016,2,11,5.9,-0.2,2.9,4.2
12/2/2016,2016,2,12,7.6,2.8,5.2,5
13/02/2016,2016,2,13,6.1,4.1,5.1,0.2
14/02/2016,2016,2,14,5.9,4.2,5.1,0
15/02/2016,2016,2,15,8.9,4.1,6.5,2
16/02/2016,2016,2,16,12.3,0.2,6.3,0
17/02/2016,2016,2,17,6.8,2.8,4.8,2.8
18/02/2016,2016,2,18,8,0.3,4.2,15.2
19/02/2016,2016,2,19,7.2,-0.7,3.3,0.8
20/02/2016,2016,2,20,10.1,0.8,5.5,0
21/02/2016,2016,2,21,7.6,-3.8,1.9,0
22/02/2016,2016,2,22,10.3,-2,4.2,0
23/02/2016,2016,2,23,6.3,-6,0.2,0
24/02/2016,2016,2,24,7.4,-3.8,1.8,0
25/02/2016,2016,2,25,8.2,-4.8,1.7,0
26/02/2016,2016,2,26,7.5,-3.9,1.8,0.7
27/02/2016,2016,2,27,13.6,-0.2,6.7,1.2
28/02/2016,2016,2,28,10.4,-2.3,4.1,0.6
29/02/2016,2016,2,29,12.4,0.6,6.5,0
1/3/2016,2016,3,1,5.5,1.8,3.7,4.6
2/3/2016,2016,3,2,10.2,3.5,6.9,0.6
3/3/2016,2016,3,3,12.8,1.8,7.3,0
4/3/2016,2016,3,4,12.5,-0.5,6,0
5/3/2016,2016,3,5,16.9,5.9,11.4,0.2
6/3/2016,2016,3,6,14.8,6.6,10.7,8.2
7/3/2016,2016,3,7,9.2,1.2,5.2,5.4
8/3/2016,2016,3,8,11.1,0.3,5.7,0.6
9/3/2016,2016,3,9,7.6,-0.6,3.5,2
10/3/2016,2016,3,10,15,4.1,9.6,7.2
11/3/2016,2016,3,11,11.1,-1.5,4.8,
12/3/2016,2016,3,12,11.3,1.5,6.4,6.4
13/03/2016,2016,3,13,6.2,-0.1,3.1,2.6
14/03/2016,2016,3,14,9.7,2.5,6.1,0
15/03/2016,2016,3,15,10.8,-1.3,4.8,0
16/03/2016,2016,3,16,9.6,-3.8,2.9,0.4
17/03/2016,2016,3,17,10.7,-3.3,3.7,0
18/03/2016,2016,3,18,11.8,-5.3,3.3,0
19/03/2016,2016,3,19,11.5,-3.8,3.9,0
20/03/2016,2016,3,20,8.8,1.5,5.2,1
21/03/2016,2016,3,21,14.2,3.5,8.9,0.8
22/03/2016,2016,3,22,15,2.6,8.8,0
23/03/2016,2016,3,23,12.8,-1.3,5.8,0
24/03/2016,2016,3,24,13.5,2.2,7.9,3
25/03/2016,2016,3,25,13.3,1.5,7.4,1
26/03/2016,2016,3,26,13.9,-1.9,6,0
27/03/2016,2016,3,27,10.7,5.3,8,3
28/03/2016,2016,3,28,10.5,2.4,6.5,0
29/03/2016,2016,3,29,14.9,-1.4,6.8,0
30/03/2016,2016,3,30,15.9,0,8,0
31/03/2016,2016,3,31,17.8,2.8,10.3,0
1/4/2016,2016,4,1,22.4,0.5,11.5,0
2/4/2016,2016,4,2,22.9,2.9,12.9,0
3/4/2016,2016,4,3,18.8,2.3,10.6,0
4/4/2016,2016,4,4,15.8,7.4,11.6,1.6
5/4/2016,2016,4,5,12,-0.1,6,0
6/4/2016,2016,4,6,20.9,7.1,14,0
7/4/2016,2016,4,7,17.5,2.8,10.2,0
8/4/2016,2016,4,8,24.9,2.3,13.6,0
9/4/2016,2016,4,9,20.3,7.9,14.1,0
10/4/2016,2016,4,10,18.8,2,10.4,0
11/4/2016,2016,4,11,21.1,1.2,11.2,0
12/4/2016,2016,4,12,18,1.9,10,0
13/04/2016,2016,4,13,17.1,3.3,10.2,0
14/04/2016,2016,4,14,15,3.2,9.1,2.4
15/04/2016,2016,4,15,17.8,0.6,9.2,0
16/04/2016,2016,4,16,19.3,1.5,10.4,0
17/04/2016,2016,4,17,24.1,3.1,13.6,0
18/04/2016,2016,4,18,27.3,3.3,15.3,0
19/04/2016,2016,4,19,28.4,4.7,16.6,0
20/04/2016,2016,4,20,25.6,7.2,16.4,0
21/04/2016,2016,4,21,27.1,8.6,17.9,0
22/04/2016,2016,4,22,20,9.3,14.7,0
23/04/2016,2016,4,23,22.9,5.6,14.3,0
24/04/2016,2016,4,24,17.7,9,13.4,0
25/04/2016,2016,4,25,18.9,7.2,13.1,0
26/04/2016,2016,4,26,20.3,0.9,10.6,0
27/04/2016,2016,4,27,22.4,7.4,14.9,0
28/04/2016,2016,4,28,23,3.8,13.4,0
29/04/2016,2016,4,29,19.9,5.2,12.6,0
30/04/2016,2016,4,30,22.2,5.8,14,0
1/5/2016,2016,5,1,23.2,2.8,13,0
2/5/2016,2016,5,2,28,4.5,16.3,0
3/5/2016,2016,5,3,28.5,5.8,17.2,0
4/5/2016,2016,5,4,23.5,13.2,18.4,5.4
5/5/2016,2016,5,5,18,9.9,14,3
6/5/2016,2016,5,6,23.8,5.4,14.6,0
7/5/2016,2016,5,7,29.8,7.7,18.8,0
8/5/2016,2016,5,8,22,9.8,15.9,0
9/5/2016,2016,5,9,21.9,6.3,14.1,0
10/5/2016,2016,5,10,24,2.3,13.2,0
11/5/2016,2016,5,11,19.1,5.7,12.4,0.6
12/5/2016,2016,5,12,22.7,7.1,14.9,0
13/05/2016,2016,5,13,22.9,8,15.5,0
14/05/2016,2016,5,14,24.7,8.6,16.7,0
15/05/2016,2016,5,15,26.2,6.4,16.3,0
16/05/2016,2016,5,16,26.5,6.9,16.7,0
17/05/2016,2016,5,17,26.5,7.6,17.1,0
18/05/2016,2016,5,18,26.3,9.4,17.9,0.6
19/05/2016,2016,5,19,16.3,7.4,11.9,1.2
20/05/2016,2016,5,20,20.8,8.6,14.7,1.4
21/05/2016,2016,5,21,17.8,10.5,14.2,4.8
22/05/2016,2016,5,22,18.5,9.9,14.2,2.4
23/05/2016,2016,5,23,21,9.6,15.3,1.4
24/05/2016,2016,5,24,25.1,8,16.6,0
25/05/2016,2016,5,25,25.2,9.5,17.4,0
26/05/2016,2016,5,26,22.8,7.6,15.2,0
27/05/2016,2016,5,27,18.4,7.2,12.8,2.6
28/05/2016,2016,5,28,20,4,12,1.2
29/05/2016,2016,5,29,18,6.3,12.2,1.8
30/05/2016,2016,5,30,23.5,1.9,12.7,0
31/05/2016,2016,5,31,24.8,6.1,15.5,0
1/6/2016,2016,6,1,27.3,11.6,19.5,0
2/6/2016,2016,6,2,26.4,14.1,20.3,0
3/6/2016,2016,6,3,28.8,8.5,18.7,0
4/6/2016,2016,6,4,31,11.2,21.1,0
5/6/2016,2016,6,5,32.8,14.3,23.6,0
6/6/2016,2016,6,6,37.2,13.1,25.2,0
7/6/2016,2016,6,7,33.8,12.2,23,0
8/6/2016,2016,6,8,30.4,15.5,23,1
9/6/2016,2016,6,9,23.6,7.9,15.8,0
10/6/2016,2016,6,10,20,10.3,15.2,24.6
11/6/2016,2016,6,11,17.2,5.6,11.4,2.6
12/6/2016,2016,6,12,22.6,5.8,14.2,0
13/06/2016,2016,6,13,19.6,9,14.3,0.6
14/06/2016,2016,6,14,16,6.4,11.2,2.2
15/06/2016,2016,6,15,18.6,1.3,10,0
16/06/2016,2016,6,16,21.6,2.2,11.9,0
17/06/2016,2016,6,17,24,3.8,13.9,0
18/06/2016,2016,6,18,17.1,10.9,14,9.6
19/06/2016,2016,6,19,20.5,7.7,14.1,0
20/06/2016,2016,6,20,21.9,9.2,15.6,4.6
21/06/2016,2016,6,21,24.8,9.9,17.4,0.4
22/06/2016,2016,6,22,26.9,12.2,19.6,0
23/06/2016,2016,6,23,23.7,14.2,19,8.4
24/06/2016,2016,6,24,16.7,11.5,14.1,19.4
25/06/2016,2016,6,25,23.9,11.1,17.5,0
26/06/2016,2016,6,26,26.9,9,18,0
27/06/2016,2016,6,27,29.2,12.2,20.7,0.6
28/06/2016,2016,6,28,30.6,13.2,21.9,0
29/06/2016,2016,6,29,32.2,16.3,24.3,0
30/06/2016,2016,6,30,32.1,12.9,22.5,0
1/7/2016,2016,7,1,27,11.5,19.3,0
2/7/2016,2016,7,2,30.4,12.7,21.6,0
3/7/2016,2016,7,3,26.3,13.9,20.1,0
4/7/2016,2016,7,4,23.4,12.2,17.8,0
5/7/2016,2016,7,5,20.4,11.1,15.8,0.6
6/7/2016,2016,7,6,26.1,7.1,16.6,0
7/7/2016,2016,7,7,24.3,9.1,16.7,0
8/7/2016,2016,7,8,26.1,14.9,20.5,0
9/7/2016,2016,7,9,21.1,12.2,16.7,11.6
10/7/2016,2016,7,10,24.4,12.7,18.6,0.8
11/7/2016,2016,7,11,25.9,9.3,17.6,0
12/7/2016,2016,7,12,25.8,15,20.4,0.4
13/07/2016,2016,7,13,28,10.3,19.2,0
14/07/2016,2016,7,14,29.9,11.7,20.8,0
15/07/2016,2016,7,15,20.6,13.7,17.2,1.4
16/07/2016,2016,7,16,24.3,13.1,18.7,1.8
17/07/2016,2016,7,17,26,12.8,19.4,0.4
18/07/2016,2016,7,18,27.9,10.8,19.4,0
19/07/2016,2016,7,19,28.9,13.3,21.1,12.6
20/07/2016,2016,7,20,27.4,9.1,18.3,0
21/07/2016,2016,7,21,30.2,9.9,20.1,0
22/07/2016,2016,7,22,25.5,15.5,20.5,0.4
23/07/2016,2016,7,23,27.8,8.3,18.1,0
24/07/2016,2016,7,24,31.6,11.2,21.4,0
25/07/2016,2016,7,25,32,13.3,22.7,0
26/07/2016,2016,7,26,29.6,17.4,23.5,0.4
27/07/2016,2016,7,27,33.5,14.6,24.1,0
28/07/2016,2016,7,28,34.2,14.9,24.6,0
29/07/2016,2016,7,29,34.5,17,25.8,0
30/07/2016,2016,7,30,33.2,14.4,23.8,0
31/07/2016,2016,7,31,26,13.6,19.8,1
1/8/2016,2016,8,1,28.3,9.2,18.8,0
2/8/2016,2016,8,2,27.4,12.4,19.9,2
3/8/2016,2016,8,3,28.8,13,20.9,0
4/8/2016,2016,8,4,30.9,11.4,21.2,0
5/8/2016,2016,8,5,33,11.6,22.3,0
6/8/2016,2016,8,6,32.1,14.2,23.2,0
7/8/2016,2016,8,7,30.2,10.6,20.4,0
8/8/2016,2016,8,8,26.2,13,19.6,0
9/8/2016,2016,8,9,26.3,9.8,18.1,0
10/8/2016,2016,8,10,26.9,13.1,20,0
11/8/2016,2016,8,11,31.3,11.5,21.4,0
12/8/2016,2016,8,12,31.8,13.9,22.9,0
13/08/2016,2016,8,13,31,13.3,22.2,0
14/08/2016,2016,8,14,33.5,13.1,23.3,0
15/08/2016,2016,8,15,33.5,14.7,24.1,0
16/08/2016,2016,8,16,34,16.2,25.1,0
17/08/2016,2016,8,17,34,16.6,25.3,0
18/08/2016,2016,8,18,31.7,13.8,22.8,0
19/08/2016,2016,8,19,32.2,10.7,21.5,0
20/08/2016,2016,8,20,34.1,10.7,22.4,0
21/08/2016,2016,8,21,33,10.5,21.8,0
22/08/2016,2016,8,22,23.4,10.9,17.2,0
23/08/2016,2016,8,23,28.1,8.9,18.5,0
24/08/2016,2016,8,24,29.9,12.1,21,0
25/08/2016,2016,8,25,30.1,9.6,19.9,0
26/08/2016,2016,8,26,31.7,11.1,21.4,0
27/08/2016,2016,8,27,31.3,14.6,23,0
28/08/2016,2016,8,28,27.3,13.7,20.5,0
29/08/2016,2016,8,29,28.9,12.1,20.5,0.2
30/08/2016,2016,8,30,25.7,10.1,17.9,0
31/08/2016,2016,8,31,29.7,12,20.9,0
1/9/2016,2016,9,1,24.4,11.1,17.8,3
2/9/2016,2016,9,2,20.5,10.7,15.6,9.4
3/9/2016,2016,9,3,21.3,6.4,13.9,0.8
4/9/2016,2016,9,4,21.4,9.6,15.5,0
5/9/2016,2016,9,5,21.8,5.1,13.5,0
6/9/2016,2016,9,6,20.6,9.1,14.9,0.4
7/9/2016,2016,9,7,21.6,10,15.8,2.8
8/9/2016,2016,9,8,22.8,7.5,15.2,1.6
9/9/2016,2016,9,9,23.7,4.5,14.1,0
10/9/2016,2016,9,10,26.6,16.1,21.4,0
11/9/2016,2016,9,11,21.8,11.1,16.5,0.4
12/9/2016,2016,9,12,22.9,6.2,14.6,0
13/09/2016,2016,9,13,22.5,4.8,13.7,0
14/09/2016,2016,9,14,23.9,7,15.5,0
15/09/2016,2016,9,15,25.6,6.2,15.9,0
16/09/2016,2016,9,16,27.6,6.5,17.1,0.2
17/09/2016,2016,9,17,20.4,13.2,16.8,3.2
18/09/2016,2016,9,18,23.8,14.3,19.1,0
19/09/2016,2016,9,19,17.4,11,14.2,1
20/09/2016,2016,9,20,18.5,5.5,12,0
21/09/2016,2016,9,21,21.6,9.4,15.5,2.2
22/09/2016,2016,9,22,23.6,8.7,16.2,0
23/09/2016,2016,9,23,16.3,9.9,13.1,3
24/09/2016,2016,9,24,22.1,9.3,15.7,0
25/09/2016,2016,9,25,20.3,11.3,15.8,4
26/09/2016,2016,9,26,26.6,7.7,17.2,0
27/09/2016,2016,9,27,22.2,11.1,16.7,0
28/09/2016,2016,9,28,19,6.5,12.8,0
29/09/2016,2016,9,29,19,5,12,0
30/09/2016,2016,9,30,23.8,7.4,15.6,0
1/10/2016,2016,10,1,20.6,6,13.3,0
2/10/2016,2016,10,2,18.1,1.3,9.7,0
3/10/2016,2016,10,3,17.3,3,10.2,0
4/10/2016,2016,10,4,17.7,3.4,10.6,0
5/10/2016,2016,10,5,18.3,4.6,11.5,0
6/10/2016,2016,10,6,16,7.7,11.9,4
7/10/2016,2016,10,7,19.2,9.4,14.3,1.6
8/10/2016,2016,10,8,14.8,7.1,11,0.2
9/10/2016,2016,10,9,14.9,8.8,11.9,1
10/10/2016,2016,10,10,9.8,4.9,7.4,0
11/10/2016,2016,10,11,11.9,-1.4,5.3,0
12/10/2016,2016,10,12,14,-4.4,4.8,0
13/10/2016,2016,10,13,10.3,6.9,8.6,3.6
14/10/2016,2016,10,14,15,7.2,11.1,3.6
15/10/2016,2016,10,15,13.7,9.4,11.6,3.8
16/10/2016,2016,10,16,14.1,9.8,12,0
17/10/2016,2016,10,17,12.6,6.4,9.5,11
18/10/2016,2016,10,18,12.6,4.8,8.7,0.2
19/10/2016,2016,10,19,13.7,1.2,7.5,0.2
20/10/2016,2016,10,20,13.2,9.1,11.2,6
21/10/2016,2016,10,21,12.6,2.8,7.7,0
22/10/2016,2016,10,22,14.6,2.6,8.6,0
23/10/2016,2016,10,23,13.3,5.2,9.3,0
24/10/2016,2016,10,24,11.5,6.2,8.9,
25/10/2016,2016,10,25,15.8,6.4,11.1,1.8
26/10/2016,2016,10,26,9.5,5.1,7.3,5.2
27/10/2016,2016,10,27,13.2,7.2,10.2,3.8
28/10/2016,2016,10,28,13.3,5.7,9.5,0
29/10/2016,2016,10,29,9.6,1.9,5.8,0
30/10/2016,2016,10,30,11.3,3.9,7.6,0.4
31/10/2016,2016,10,31,12.6,6.6,9.6,3
1/11/2016,2016,11,1,13.7,8.5,11.1,0.4
2/11/2016,2016,11,2,12.7,10.1,11.4,0.6
3/11/2016,2016,11,3,16.1,8.8,12.5,0
4/11/2016,2016,11,4,14.7,0.8,7.8,0
5/11/2016,2016,11,5,14.4,10.4,12.4,0.4
6/11/2016,2016,11,6,14.5,6.4,10.5,3
7/11/2016,2016,11,7,14,10.4,12.2,0.4
8/11/2016,2016,11,8,17.2,5.3,11.3,0
9/11/2016,2016,11,9,15,4,9.5,0.2
10/11/2016,2016,11,10,11.6,4.3,8,0
11/11/2016,2016,11,11,10.7,3.2,7,0
12/11/2016,2016,11,12,14.8,7.8,11.3,1.2
13/11/2016,2016,11,13,10.5,1.4,6,0.2
14/11/2016,2016,11,14,14.8,1.8,8.3,0.2
15/11/2016,2016,11,15,7.5,0.6,4.1,5
16/11/2016,2016,11,16,9.4,-1.8,3.8,3
17/11/2016,2016,11,17,7.3,-3.9,1.7,0
18/11/2016,2016,11,18,7.3,1.7,4.5,0
19/11/2016,2016,11,19,7,3.6,5.3,0.5
20/11/2016,2016,11,20,9.2,5,7.1,0
21/11/2016,2016,11,21,9.2,6.6,7.9,0
22/11/2016,2016,11,22,7.8,6.4,7.1,0
23/11/2016,2016,11,23,8.7,5.2,7,1.4
24/11/2016,2016,11,24,7.2,5.2,6.2,2
25/11/2016,2016,11,25,10.3,6.5,8.4,0.6
26/11/2016,2016,11,26,10.1,5.8,8,3.2
27/11/2016,2016,11,27,7.5,3.5,5.5,0.2
28/11/2016,2016,11,28,8.3,0.8,4.6,3.2
29/11/2016,2016,11,29,6.3,-3.2,1.6,0
30/11/2016,2016,11,30,7,3.8,5.4,0.6
1/12/2016,2016,12,1,7.4,-3.5,2,0.4
2/12/2016,2016,12,2,4.8,-3.7,0.6,1.4
3/12/2016,2016,12,3,4.9,3.3,4.1,0
4/12/2016,2016,12,4,4.4,-5.6,-0.6,1.4
5/12/2016,2016,12,5,-0.2,-9.3,-4.8,0
6/12/2016,2016,12,6,-0.7,-5.8,-3.3,0
7/12/2016,2016,12,7,-5.5,-9,-7.3,0
8/12/2016,2016,12,8,-5.6,-9.8,-7.7,0
9/12/2016,2016,12,9,-5.5,-8.6,-7.1,6.6
10/12/2016,2016,12,10,-3.1,-7.2,-5.2,3.6
11/12/2016,2016,12,11,-1.9,-3.9,-2.9,2.8
12/12/2016,2016,12,12,-1.9,-12.4,-7.2,0
13/12/2016,2016,12,13,-6.8,-13.9,-10.4,0
14/12/2016,2016,12,14,-9.2,-12.1,-10.7,0
15/12/2016,2016,12,15,-8.1,-10.5,-9.3,0
16/12/2016,2016,12,16,-9.3,-14.5,-11.9,0
17/12/2016,2016,12,17,-8.9,-15.4,-12.2,0.2
18/12/2016,2016,12,18,-5.4,-9.4,-7.4,0.2
19/12/2016,2016,12,19,-2.7,-5.8,-4.3,0.4
20/12/2016,2016,12,20,8.9,-4.2,2.4,3.6
21/12/2016,2016,12,21,2.7,-4.9,-1.1,0
22/12/2016,2016,12,22,1.9,-1.4,0.3,0
23/12/2016,2016,12,23,-0.8,-3.2,-2,3.4
24/12/2016,2016,12,24,1.4,-3.1,-0.9,0.4
25/12/2016,2016,12,25,-0.1,-11.5,-5.8,0
26/12/2016,2016,12,26,-1.1,-11.4,-6.3,0.4
27/12/2016,2016,12,27,0.8,-1.8,-0.5,2.4
28/12/2016,2016,12,28,0.9,-4.4,-1.8,0
29/12/2016,2016,12,29,2.1,-1,0.6,0.6
30/12/2016,2016,12,30,3,-8.8,-2.9,0
31/12/2016,2016,12,31,-3.2,-11.8,-7.5,0.4
1/1/2017,2017,1,1,-0.1,-5.2,-2.7,0.6
2/1/2017,2017,1,2,-2.4,-12.6,-7.5,0
3/1/2017,2017,1,3,-8.3,-15.2,-11.8,0
4/1/2017,2017,1,4,-8.3,-14.2,-11.3,0
5/1/2017,2017,1,5,-6.9,-13.7,-10.3,0
6/1/2017,2017,1,6,-6.5,-10.7,-8.6,0
7/1/2017,2017,1,7,-7.2,-16.8,-12,0.2
8/1/2017,2017,1,8,-5.5,-12.2,-8.9,5
9/1/2017,2017,1,9,-0.8,-5.9,-3.4,1
10/1/2017,2017,1,10,-4.5,-10.2,-7.4,0
11/1/2017,2017,1,11,-7.9,-15.2,-11.6,0
12/1/2017,2017,1,12,-9,-18.7,-13.9,0
13/01/2017,2017,1,13,-8.7,-20.1,-14.4,0
14/01/2017,2017,1,14,-6,-17.8,-11.9,0
15/01/2017,2017,1,15,-3.8,-6.3,-5.1,0
16/01/2017,2017,1,16,-3.9,-6.2,-5.1,0
17/01/2017,2017,1,17,-1.1,-4.8,-3,0
18/01/2017,2017,1,18,2.5,-1.4,0.6,0.6
19/01/2017,2017,1,19,4.1,1.2,2.7,2.6
20/01/2017,2017,1,20,4,-0.6,1.7,0.6
21/01/2017,2017,1,21,3.5,0,1.8,1.4
22/01/2017,2017,1,22,3.1,0.4,1.8,2.4
23/01/2017,2017,1,23,3.8,0.1,2,1.1
24/01/2017,2017,1,24,2.8,-0.7,1.1,0
25/01/2017,2017,1,25,2.5,-0.4,1.1,0
26/01/2017,2017,1,26,4.2,0.1,2.2,0
27/01/2017,2017,1,27,1.4,-0.4,0.5,0
28/01/2017,2017,1,28,3.1,0.5,1.8,0
29/01/2017,2017,1,29,2.4,-0.2,1.1,0
30/01/2017,2017,1,30,1.6,-1.9,-0.2,0
31/01/2017,2017,1,31,1.9,-7,-2.6,0
1/2/2017,2017,2,1,-1.4,-9.8,-5.6,0
2/2/2017,2017,2,2,-4.9,-12.9,-8.9,0
3/2/2017,2017,2,3,-5.5,-12.2,-8.9,7
4/2/2017,2017,2,4,-2.9,-6.6,-4.8,4
5/2/2017,2017,2,5,-2.9,-6,-4.5,2.8
6/2/2017,2017,2,6,-3.7,-10.5,-7.1,1.8
7/2/2017,2017,2,7,-6.2,-12.8,-9.5,0
8/2/2017,2017,2,8,-7.1,-13,-10.1,5.4
9/2/2017,2017,2,9,1.6,-8.7,-3.6,0.8
10/2/2017,2017,2,10,5.1,0,2.6,0
11/2/2017,2017,2,11,5.5,-7.2,-0.9,0
12/2/2017,2017,2,12,2.8,-2,0.4,0
13/02/2017,2017,2,13,2.8,-7.8,-2.5,0
14/02/2017,2017,2,14,3.9,-9.4,-2.8,0
15/02/2017,2017,2,15,5.4,1.7,3.6,0.6
16/02/2017,2017,2,16,7.3,3.4,5.4,0.4
17/02/2017,2017,2,17,6.8,-1.5,2.7,0
18/02/2017,2017,2,18,2.8,-2.8,0,3
19/02/2017,2017,2,19,6.6,0.6,3.6,0.6
20/02/2017,2017,2,20,4.8,-0.6,2.1,1.4
21/02/2017,2017,2,21,8.4,0.1,4.3,0
22/02/2017,2017,2,22,7.6,-4.5,1.6,0
23/02/2017,2017,2,23,4.4,-5.8,-0.7,0
24/02/2017,2017,2,24,5.5,-6.8,-0.7,0
25/02/2017,2017,2,25,2.7,-5.5,-1.4,0
26/02/2017,2017,2,26,4,-3.8,0.1,0.4
27/02/2017,2017,2,27,-1.7,-8.2,-5,2
28/02/2017,2017,2,28,2.9,-11.3,-4.2,0
1/3/2017,2017,3,1,5.4,-0.1,2.7,0
2/3/2017,2017,3,2,7.4,-1.3,3.1,0
3/3/2017,2017,3,3,7.2,3.1,5.2,0.2
4/3/2017,2017,3,4,8,-3.4,2.3,2
5/3/2017,2017,3,5,1.1,-4.2,-1.6,1
6/3/2017,2017,3,6,4,-4.2,-0.1,0
7/3/2017,2017,3,7,1.8,-3.7,-1,0
8/3/2017,2017,3,8,6.2,-2.4,1.9,0.4
9/3/2017,2017,3,9,2,-1,0.5,7.4
10/3/2017,2017,3,10,8,-0.8,3.6,2.6
11/3/2017,2017,3,11,6.8,0.7,3.8,0.2
12/3/2017,2017,3,12,8.9,3.8,6.4,0
13/03/2017,2017,3,13,9.8,5.1,7.5,0
14/03/2017,2017,3,14,9.9,3.6,6.8,4.2
15/03/2017,2017,3,15,9.8,4.6,7.2,1.6
16/03/2017,2017,3,16,13.4,-1.3,6.1,0
17/03/2017,2017,3,17,6.1,-4.3,0.9,0.2
18/03/2017,2017,3,18,13.2,1.2,7.2,4.2
19/03/2017,2017,3,19,10.9,-4.5,3.2,0
20/03/2017,2017,3,20,7.7,-4.5,1.6,0
21/03/2017,2017,3,21,5.5,2.7,4.1,4.4
22/03/2017,2017,3,22,11.4,3.4,7.4,1.4
23/03/2017,2017,3,23,13.1,0.2,6.7,0.2
24/03/2017,2017,3,24,8.4,4.4,6.4,1.4
25/03/2017,2017,3,25,12.9,0.4,6.7,0
26/03/2017,2017,3,26,7.6,-3.3,2.2,0.6
27/03/2017,2017,3,27,12.4,3.6,8,1
28/03/2017,2017,3,28,11.8,3.9,7.9,0
29/03/2017,2017,3,29,10.9,4.3,7.6,11
30/03/2017,2017,3,30,12.8,0.6,6.7,0
31/03/2017,2017,3,31,16.7,-2,7.4,0
1/4/2017,2017,4,1,17.3,6,11.7,0.4
2/4/2017,2017,4,2,12.2,-0.7,5.8,0.6
3/4/2017,2017,4,3,12.8,-4.5,4.2,0
4/4/2017,2017,4,4,12.8,-4.1,4.4,0
5/4/2017,2017,4,5,12.5,6.2,9.4,0.2
6/4/2017,2017,4,6,8.3,4.3,6.3,5.6
7/4/2017,2017,4,7,12.1,5.4,8.8,11.4
8/4/2017,2017,4,8,13.2,4.6,8.9,2.8
9/4/2017,2017,4,9,13.4,2.3,7.9,0
10/4/2017,2017,4,10,7.8,-0.1,3.9,2.6
11/4/2017,2017,4,11,13.3,-2.6,5.4,0
12/4/2017,2017,4,12,6,3.8,4.7,3.2
13/04/2017,2017,4,13,12.3,3.7,8,12.6
14/04/2017,2017,4,14,12.6,0.9,6.8,1
15/04/2017,2017,4,15,14,0.9,7.5,0.4
16/04/2017,2017,4,16,12.4,-2.7,4.9,0
17/04/2017,2017,4,17,14.9,6.5,10.7,0.2
18/04/2017,2017,4,18,16.7,4.5,10.6,5.2
19/04/2017,2017,4,19,15.1,0.4,7.8,0
20/04/2017,2017,4,20,15,6,10.5,7
21/04/2017,2017,4,21,17,4.1,10.6,0
22/04/2017,2017,4,22,13.9,4.6,9.3,0
23/04/2017,2017,4,23,16.4,0.4,8.4,0
24/04/2017,2017,4,24,15.3,5.6,10.5,6
25/04/2017,2017,4,25,15.1,3,9.1,0.3
26/04/2017,2017,4,26,17.4,6.6,12,5.6
27/04/2017,2017,4,27,12.8,6.6,9.7,1.8
28/04/2017,2017,4,28,17.2,4.5,10.9,0
29/04/2017,2017,4,29,15.2,-0.8,7.2,0.2
30/04/2017,2017,4,30,17,3.8,10.4,0
1/5/2017,2017,5,1,14,-0.4,6.8,0.4
2/5/2017,2017,5,2,19.1,2.3,10.7,0
3/5/2017,2017,5,3,21.2,9.6,15.4,0.4
4/5/2017,2017,5,4,26.4,5.8,16.1,8.6
5/5/2017,2017,5,5,21.6,11.6,16.6,18.8
6/5/2017,2017,5,6,17,5.4,11.2,0.4
7/5/2017,2017,5,7,18.8,0.3,9.6,0
8/5/2017,2017,5,8,15.7,3,9.4,0
9/5/2017,2017,5,9,18.5,3.7,11.1,0
10/5/2017,2017,5,10,21.5,11,16.3,0
11/5/2017,2017,5,11,16.2,8.6,12.4,14
12/5/2017,2017,5,12,13.2,7.6,10.4,0.8
13/05/2017,2017,5,13,15.9,1,8.5,2.8
14/05/2017,2017,5,14,16.3,5.3,10.8,1.8
15/05/2017,2017,5,15,14.6,1.2,7.9,5.4
16/05/2017,2017,5,16,12.7,5.8,9.3,16.4
17/05/2017,2017,5,17,20.1,4,12.1,1.2
18/05/2017,2017,5,18,20.2,5.2,12.7,2.4
19/05/2017,2017,5,19,23.3,5.5,14.4,0
20/05/2017,2017,5,20,26.1,11.1,18.6,0
21/05/2017,2017,5,21,27,6.8,16.9,0
22/05/2017,2017,5,22,28.4,7.8,18.1,0
23/05/2017,2017,5,23,30.9,10.1,20.5,0
24/05/2017,2017,5,24,19.2,6.4,12.8,0.8
25/05/2017,2017,5,25,23.9,6.7,15.3,0
26/05/2017,2017,5,26,25.8,5.4,15.6,0
27/05/2017,2017,5,27,29.5,8.1,18.8,0
28/05/2017,2017,5,28,30.3,10,20.2,0
29/05/2017,2017,5,29,31.7,10.2,21,0
30/05/2017,2017,5,30,30.5,10.8,20.7,4
31/05/2017,2017,5,31,23.8,14.7,19.3,10.3
1/6/2017,2017,6,1,18.9,11.3,15.1,7.5
2/6/2017,2017,6,2,24.5,9.9,17.2,0
3/6/2017,2017,6,3,26.2,10.2,18.2,0
4/6/2017,2017,6,4,22.8,10.6,16.7,0
5/6/2017,2017,6,5,24.6,4.6,14.6,0
6/6/2017,2017,6,6,28.3,8.3,18.3,0
7/6/2017,2017,6,7,28,9.7,18.9,0
8/6/2017,2017,6,8,25.3,12.2,18.8,4.2
9/6/2017,2017,6,9,19.5,5.6,12.6,0
10/6/2017,2017,6,10,19.8,6.6,13.2,3.2
11/6/2017,2017,6,11,22.7,7.8,15.3,1.2
12/6/2017,2017,6,12,28,8.3,18.2,0
13/06/2017,2017,6,13,25,7.1,16.1,0
14/06/2017,2017,6,14,22.7,4.9,13.8,0
15/06/2017,2017,6,15,19.2,6.2,12.7,0.2
16/06/2017,2017,6,16,24.2,12.5,18.4,0
17/06/2017,2017,6,17,22.4,5.2,13.8,0
18/06/2017,2017,6,18,20.6,13.2,16.9,0.2
19/06/2017,2017,6,19,21.5,9,15.3,0.6
20/06/2017,2017,6,20,29.3,12.1,20.7,0
21/06/2017,2017,6,21,25.2,5.8,15.5,0
22/06/2017,2017,6,22,25.7,7.7,16.7,0
23/06/2017,2017,6,23,28.2,9.1,18.7,0
24/06/2017,2017,6,24,30.4,8.8,19.6,0
25/06/2017,2017,6,25,33.6,10.8,22.2,0
26/06/2017,2017,6,26,33.6,17.7,25.7,0
27/06/2017,2017,6,27,28.6,12.6,20.6,0
28/06/2017,2017,6,28,27.8,11.6,19.7,1.4
29/06/2017,2017,6,29,28.9,9.4,19.2,0
30/06/2017,2017,6,30,32.3,11.6,22,0
1/7/2017,2017,7,1,33.9,15.7,24.8,0
2/7/2017,2017,7,2,33.2,13,23.1,0
3/7/2017,2017,7,3,30.6,11.8,21.2,0
4/7/2017,2017,7,4,30.5,11,20.8,0
5/7/2017,2017,7,5,34,10.3,22.2,0
6/7/2017,2017,7,6,36.5,14.9,25.7,0
7/7/2017,2017,7,7,34.9,15.2,25.1,0
8/7/2017,2017,7,8,33.5,14.9,24.2,0
9/7/2017,2017,7,9,33.1,14.9,24,0
10/7/2017,2017,7,10,31,14.4,22.7,0
11/7/2017,2017,7,11,29.5,16.8,23.2,0
12/7/2017,2017,7,12,31.8,13.3,22.6,0
13/07/2017,2017,7,13,31.9,14.7,23.3,0
14/07/2017,2017,7,14,34.1,15,24.6,0
15/07/2017,2017,7,15,35.5,12.1,23.8,0
16/07/2017,2017,7,16,26.6,13.2,19.9,0
17/07/2017,2017,7,17,26.9,12.1,19.5,0
18/07/2017,2017,7,18,29,10.8,19.9,0
19/07/2017,2017,7,19,32.7,12.6,22.7,0
20/07/2017,2017,7,20,28.1,13.8,21,0
21/07/2017,2017,7,21,25.6,8.5,17.1,0
22/07/2017,2017,7,22,29,17.2,23.1,0
23/07/2017,2017,7,23,33.5,15,24.3,0
24/07/2017,2017,7,24,28.6,11.9,20.3,0
25/07/2017,2017,7,25,30.4,10.9,20.7,0
26/07/2017,2017,7,26,34.6,12.2,23.4,0
27/07/2017,2017,7,27,34.1,15.5,24.8,0
28/07/2017,2017,7,28,31.9,12,22,0
29/07/2017,2017,7,29,34,12.9,23.5,0
30/07/2017,2017,7,30,33.9,14.8,24.4,0
31/07/2017,2017,7,31,30.9,12.7,21.8,0
1/8/2017,2017,8,1,32.3,15.8,24.1,0
2/8/2017,2017,8,2,32.9,14.9,23.9,0
3/8/2017,2017,8,3,33.1,12.4,22.8,0
4/8/2017,2017,8,4,33.4,17.2,25.3,0
5/8/2017,2017,8,5,33.2,16.3,24.8,0
6/8/2017,2017,8,6,31.4,14,22.7,0
7/8/2017,2017,8,7,30,14,23.3,
8/8/2017,2017,8,8,29.7,15.5,22.6,0
9/8/2017,2017,8,9,27.6,11.4,19.5,0
10/8/2017,2017,8,10,29.2,11.8,20.5,0
11/8/2017,2017,8,11,32.7,13.7,23.2,0
12/8/2017,2017,8,12,34.1,12.4,23.3,0
13/08/2017,2017,8,13,29.1,17.4,23.3,0
14/08/2017,2017,8,14,26.1,11.8,19,0
15/08/2017,2017,8,15,27.7,11.1,19.4,0
16/08/2017,2017,8,16,32.2,11.5,21.9,0
17/08/2017,2017,8,17,31.8,11.1,21.5,0
18/08/2017,2017,8,18,32.1,12.8,22.5,0
19/08/2017,2017,8,19,26.3,15.1,20.7,0
20/08/2017,2017,8,20,27.9,9.7,18.8,0
21/08/2017,2017,8,21,27.6,12.5,20.1,0
22/08/2017,2017,8,22,33.1,11.8,22.5,0
23/08/2017,2017,8,23,33.3,13.6,23.5,0
24/08/2017,2017,8,24,27.7,13.3,20.5,0
25/08/2017,2017,8,25,22.5,8.2,15.4,0
26/08/2017,2017,8,26,30,7.2,18.6,0
27/08/2017,2017,8,27,30.7,9.8,20.3,0
28/08/2017,2017,8,28,31.6,10.9,21.3,0
29/08/2017,2017,8,29,29.4,10.8,20.1,0
30/08/2017,2017,8,30,29.5,10.8,20.2,0
31/08/2017,2017,8,31,30.8,11.1,21,0
1/9/2017,2017,9,1,31.4,10,20.7,0
2/9/2017,2017,9,2,32.8,12.5,22.7,0
3/9/2017,2017,9,3,32.1,13,22.6,0
4/9/2017,2017,9,4,30.6,17.6,24.1,0
5/9/2017,2017,9,5,24.7,13.5,19.1,0
6/9/2017,2017,9,6,25.8,15.5,20.7,0
7/9/2017,2017,9,7,26,12.4,19.2,0
8/9/2017,2017,9,8,28.6,15.3,22,0
9/9/2017,2017,9,9,23,17.3,20.2,0.8
10/9/2017,2017,9,10,25.6,8.7,17.2,0
11/9/2017,2017,9,11,27.2,7.3,17.3,0
12/9/2017,2017,9,12,24,9,16.5,0
13/09/2017,2017,9,13,22.7,10.9,16.8,0
14/09/2017,2017,9,14,22.4,6.2,14.3,0
15/09/2017,2017,9,15,23.3,5.5,14.4,0
16/09/2017,2017,9,16,21.7,4.5,14.4,0
17/09/2017,2017,9,17,21.5,5.4,13.5,0.4
18/09/2017,2017,9,18,19.1,5.7,12.4,0
19/09/2017,2017,9,19,16.2,3.7,10,4
20/09/2017,2017,9,20,17.2,2.1,9.6,1
21/09/2017,2017,9,21,16.1,5.9,11,0.6
22/09/2017,2017,9,22,20.1,4.2,12.2,0
23/09/2017,2017,9,23,19.1,8.1,13.6,0
24/09/2017,2017,9,24,19.7,2.9,11.3,0
25/09/2017,2017,9,25,18.9,4.3,11.6,0
26/09/2017,2017,9,26,22.2,5.4,13.8,0
27/09/2017,2017,9,27,22,4.8,13.4,0
28/09/2017,2017,9,28,26,4.3,15.2,0
29/09/2017,2017,9,29,24.8,5.6,15.2,2.8
30/09/2017,2017,9,30,20.4,3.2,11.8,0
1/10/2017,2017,10,1,16.9,7.5,12.2,0.6
2/10/2017,2017,10,2,17.4,5.8,11.6,0
3/10/2017,2017,10,3,16.7,1.6,9.2,0
4/10/2017,2017,10,4,16.1,0.9,8.5,0
5/10/2017,2017,10,5,19.2,-0.9,9.2,0
6/10/2017,2017,10,6,13.4,3.8,8.6,0.4
7/10/2017,2017,10,7,15.6,5.8,10.7,1.2
8/10/2017,2017,10,8,15.2,1.5,8.4,0.8
9/10/2017,2017,10,9,15.3,-1.4,7,0
10/10/2017,2017,10,10,15.5,4.6,10.1,0
11/10/2017,2017,10,11,12.6,-2.6,5,0
12/10/2017,2017,10,12,12.2,0.1,6.2,0.6
13/10/2017,2017,10,13,12.2,1.5,6.9,0.8
14/10/2017,2017,10,14,10.2,-4.8,2.7,0
15/10/2017,2017,10,15,15.6,6.1,10.9,0
16/10/2017,2017,10,16,17.5,10,13.8,0.6
17/10/2017,2017,10,17,17.2,2.2,9.7,0
18/10/2017,2017,10,18,13.1,0.9,7,0.8
19/10/2017,2017,10,19,15.1,6,10.6,2.6
20/10/2017,2017,10,20,15.9,8.7,12.3,0.2
21/10/2017,2017,10,21,11.5,0.6,6.1,3.4
22/10/2017,2017,10,22,17.2,6.3,11.8,2
23/10/2017,2017,10,23,13.3,-0.7,6.3,0
24/10/2017,2017,10,24,15.4,3.2,9.3,0
25/10/2017,2017,10,25,12.2,2,7.1,0.2
26/10/2017,2017,10,26,11.2,-0.5,5.4,0
27/10/2017,2017,10,27,11.5,1,6.3,0
28/10/2017,2017,10,28,14.7,-2,6.4,0
29/10/2017,2017,10,29,10.6,1.5,6.1,0
30/10/2017,2017,10,30,9.1,-3.9,2.6,0
31/10/2017,2017,10,31,9.8,-3.5,3.2,0
1/11/2017,2017,11,1,11.9,1,6.5,5
2/11/2017,2017,11,2,5.4,-1,2.2,5.2
3/11/2017,2017,11,3,-0.7,-4.4,-2.6,0.2
4/11/2017,2017,11,4,-2.6,-5.5,-4.1,0.4
5/11/2017,2017,11,5,-1.3,-4.2,-2.8,0.3
6/11/2017,2017,11,6,-0.7,-9.7,-5.2,0
7/11/2017,2017,11,7,0.9,-0.1,0.4,
8/11/2017,2017,11,8,0,-1.6,-0.8,1.4
9/11/2017,2017,11,9,3,-0.2,1.4,9.4
10/11/2017,2017,11,10,4.7,3,3.9,0
11/11/2017,2017,11,11,4.9,2.9,3.9,0.2
12/11/2017,2017,11,12,8.5,4.3,6.4,0.8
13/11/2017,2017,11,13,9.4,6.2,7.8,4.8
14/11/2017,2017,11,14,9.9,5.4,7.7,0.2
15/11/2017,2017,11,15,8.8,4.6,6.7,2.4
16/11/2017,2017,11,16,8.3,1.8,5.1,0
17/11/2017,2017,11,17,8.4,-1,3.7,0
18/11/2017,2017,11,18,7.7,3.8,5.8,0
19/11/2017,2017,11,19,7,5.1,6.1,0
20/11/2017,2017,11,20,6.1,1.4,3.8,4.4
21/11/2017,2017,11,21,7.5,1.6,4.6,1
22/11/2017,2017,11,22,10.4,6.1,8.3,2.6
23/11/2017,2017,11,23,11.7,1.8,6.8,3.6
24/11/2017,2017,11,24,8.2,3.2,5.7,0
25/11/2017,2017,11,25,8.2,5.3,6.8,0.4
26/11/2017,2017,11,26,10.5,2.7,6.6,0.6
27/11/2017,2017,11,27,8.6,1.8,5.2,0
28/11/2017,2017,11,28,6.4,3.3,4.9,1
29/11/2017,2017,11,29,4,2,3,0
30/11/2017,2017,11,30,5.1,2.8,4,2.2
1/12/2017,2017,12,1,4.1,2.8,3.5,0.2
2/12/2017,2017,12,2,3.3,0,1.7,5.8
3/12/2017,2017,12,3,5,-4.8,0.1,0.2
4/12/2017,2017,12,4,2.8,-7,-2.1,0
5/12/2017,2017,12,5,3,-4,-0.5,0
6/12/2017,2017,12,6,4.3,-2.6,0.9,0
7/12/2017,2017,12,7,1.3,-1,0.2,0
8/12/2017,2017,12,8,1,-0.6,0.2,0
9/12/2017,2017,12,9,0.4,-1,-0.3,0
10/12/2017,2017,12,10,1.2,-0.6,0.3,0
11/12/2017,2017,12,11,1,-1.2,-0.1,0
12/12/2017,2017,12,12,0.7,-1,-0.2,0
13/12/2017,2017,12,13,2.1,-1.8,0.2,0.8
14/12/2017,2017,12,14,2.3,0.7,1.5,0
15/12/2017,2017,12,15,2,0.3,1.2,1
16/12/2017,2017,12,16,0.7,-5.7,-2.5,0.6
17/12/2017,2017,12,17,1.5,-0.2,0.7,1.6
18/12/2017,2017,12,18,3.1,0,1.6,3
19/12/2017,2017,12,19,0.7,0,0.4,16.2
20/12/2017,2017,12,20,0.5,-10.9,-5.2,0.2
21/12/2017,2017,12,21,-3.1,-11.6,-7.4,0
22/12/2017,2017,12,22,-1.4,-5.1,-3.3,1.4
23/12/2017,2017,12,23,-4.3,-13.8,-9.1,0
24/12/2017,2017,12,24,-8.3,-15.2,-11.8,0
25/12/2017,2017,12,25,-6.7,-9.6,-8.2,0.2
26/12/2017,2017,12,26,-8.3,-10.9,-9.6,0
27/12/2017,2017,12,27,-6.2,-9,-7.6,4.8
28/12/2017,2017,12,28,-3.5,-7.1,-5.3,4.2
29/12/2017,2017,12,29,-3,-7.9,-5.5,11
30/12/2017,2017,12,30,-3,-11.5,-7.3,6.4
31/12/2017,2017,12,31,-5.5,-10.8,-8.2,0
1/1/2018,2018,1,1,-6.2,-8.8,-7.5,
2/1/2018,2018,1,2,-6.9,-8.7,-7.8,
3/1/2018,2018,1,3,-4.1,-13.5,-8.8,
4/1/2018,2018,1,4,-3.7,-6.8,-5.3,
5/1/2018,2018,1,5,2.2,-5,-1.4,
6/1/2018,2018,1,6,3.2,1.6,2.4,
7/1/2018,2018,1,7,3.2,0.9,2.1,
8/1/2018,2018,1,8,3.2,1.8,2.5,
9/1/2018,2018,1,9,4.4,1,2.7,
10/1/2018,2018,1,10,4.8,-0.7,2.1,
11/1/2018,2018,1,11,1.9,-3.6,-0.9,
12/1/2018,2018,1,12,-1.6,-4.5,-3.1,
13/01/2018,2018,1,13,1.3,-2.2,-0.5,
14/01/2018,2018,1,14,1.8,-0.3,0.8,
15/01/2018,2018,1,15,2.7,0.6,1.7,
16/01/2018,2018,1,16,3.8,0.1,2,
17/01/2018,2018,1,17,5.6,2.8,4.2,
18/01/2018,2018,1,18,7,1,4,
19/01/2018,2018,1,19,5.2,-0.2,2.5,
20/01/2018,2018,1,20,5.8,2.3,4.1,
21/01/2018,2018,1,21,5,2.5,3.8,
22/01/2018,2018,1,22,5.5,0.7,3.1,
23/01/2018,2018,1,23,2.8,-1.2,0.8,
24/01/2018,2018,1,24,4.2,0.5,2.4,
25/01/2018,2018,1,25,5,0.4,2.7,
26/01/2018,2018,1,26,2.6,0.3,1.5,
27/01/2018,2018,1,27,4.4,-1.4,1.5,
28/01/2018,2018,1,28,5.4,-1.2,2.1,
29/01/2018,2018,1,29,7.6,4.4,6,
30/01/2018,2018,1,30,7,-0.8,3.1,
31/01/2018,2018,1,31,3.7,-0.5,1.6,
1/2/2018,2018,2,1,3.6,0.2,1.9,
2/2/2018,2018,2,2,4.7,0.4,2.6,
3/2/2018,2018,2,3,7.4,2.1,4.8,
4/2/2018,2018,2,4,6.3,0.2,3.3,
5/2/2018,2018,2,5,2.5,0.6,1.6,
6/2/2018,2018,2,6,2.4,-0.1,1.2,
7/2/2018,2018,2,7,7.2,-0.2,3.5,
8/2/2018,2018,2,8,15.2,1.6,8.4,
9/2/2018,2018,2,9,1.9,-3.3,-0.7,
10/2/2018,2018,2,10,-0.8,-8.9,-4.9,
11/2/2018,2018,2,11,1.3,-10.1,-4.4,
12/2/2018,2018,2,12,-1,-8.8,-4.9,
13/02/2018,2018,2,13,2.2,-7.8,-2.8,
14/02/2018,2018,2,14,6.7,-1.4,2.7,
15/02/2018,2018,2,15,4.6,-4.4,0.1,
16/02/2018,2018,2,16,5.6,-1.8,1.9,
17/02/2018,2018,2,17,0.5,-5.5,-2.5,
18/02/2018,2018,2,18,-1.4,-6.7,-4.1,
19/02/2018,2018,2,19,-4,-12.3,-8.2,
20/02/2018,2018,2,20,-5.9,-18.6,-12.3,
21/02/2018,2018,2,21,-6,-17.9,-12,
22/02/2018,2018,2,22,-2.5,-10.8,-6.7,
23/02/2018,2018,2,23,-2.9,-16.4,-9.7,
24/02/2018,2018,2,24,0.7,-4.3,-1.8,
25/02/2018,2018,2,25,4.8,-2.4,1.2,
26/02/2018,2018,2,26,4.8,-9.9,-2.6,
27/02/2018,2018,2,27,4.7,-1.3,1.7,
28/02/2018,2018,2,28,6.4,-3.5,1.5,
1/3/2018,2018,3,1,3.4,0.4,1.9,
2/3/2018,2018,3,2,4.2,0.4,2.3,
3/3/2018,2018,3,3,3.1,-2.4,0.4,
4/3/2018,2018,3,4,1.2,-1.9,-0.4,
5/3/2018,2018,3,5,0.6,-4.6,-2,
6/3/2018,2018,3,6,7,-3.7,1.7,
7/3/2018,2018,3,7,5.5,-6.2,-0.4,
8/3/2018,2018,3,8,5.6,-0.2,2.7,
9/3/2018,2018,3,9,8.8,-2.1,3.4,
10/3/2018,2018,3,10,6.2,-5.4,0.4,
11/3/2018,2018,3,11,8.1,-6.1,1,
12/3/2018,2018,3,12,9.1,-5.5,1.8,
13/03/2018,2018,3,13,10.3,-2.5,3.9,
14/03/2018,2018,3,14,9,3,6,
15/03/2018,2018,3,15,9.8,-0.6,4.6,
16/03/2018,2018,3,16,11.5,-4.2,3.7,
17/03/2018,2018,3,17,10.9,-1.6,4.7,
18/03/2018,2018,3,18,10.1,-3.6,3.3,
19/03/2018,2018,3,19,12.9,1.7,7.3,
20/03/2018,2018,3,20,11.5,-2.3,4.6,
21/03/2018,2018,3,21,14.6,-1,6.8,
22/03/2018,2018,3,22,7.9,2.8,5.4,
23/03/2018,2018,3,23,5.9,-1.2,2.4,
24/03/2018,2018,3,24,7.7,-0.9,3.4,
25/03/2018,2018,3,25,9.5,-2.7,3.4,
26/03/2018,2018,3,26,9.3,1.8,5.6,
27/03/2018,2018,3,27,16.3,5.8,11.1,
28/03/2018,2018,3,28,13.9,-0.2,6.9,
29/03/2018,2018,3,29,12.1,-3.2,4.5,
30/03/2018,2018,3,30,16.3,4.8,10.6,
31/03/2018,2018,3,31,8.1,-0.4,3.9,
1/4/2018,2018,4,1,11.7,-3.4,4.2,
2/4/2018,2018,4,2,8.6,1.3,5,
3/4/2018,2018,4,3,8.9,-0.6,4.2,
4/4/2018,2018,4,4,10.3,-3.5,3.4,
5/4/2018,2018,4,5,7.5,3.4,5.5,
6/4/2018,2018,4,6,7,3,5,
7/4/2018,2018,4,7,8.8,4.7,6.8,
8/4/2018,2018,4,8,15,3.8,9.2,
9/4/2018,2018,4,9,16.5,0.4,8.5,
10/4/2018,2018,4,10,15.7,3.8,9.8,
11/4/2018,2018,4,11,16.3,1.1,8.7,
12/4/2018,2018,4,12,14.3,1.7,8,
13/04/2018,2018,4,13,11.3,0.3,5.8,
14/04/2018,2018,4,14,15.7,7,11.4,
15/04/2018,2018,4,15,12,4.7,8.4,
16/04/2018,2018,4,16,12.5,6.2,9.4,
17/04/2018,2018,4,17,13,2.9,8,
18/04/2018,2018,4,18,14.3,-1.9,6.2,
19/04/2018,2018,4,19,16.8,-0.7,8.1,
20/04/2018,2018,4,20,19.3,2.4,10.9,
21/04/2018,2018,4,21,16.9,5.1,11,
22/04/2018,2018,4,22,15.7,0.6,8.2,
23/04/2018,2018,4,23,16.6,-0.8,7.9,
24/04/2018,2018,4,24,22.9,-0.5,11.2,
25/04/2018,2018,4,25,22.7,3.6,13.2,
26/04/2018,2018,4,26,21.4,3.6,12.5,
27/04/2018,2018,4,27,22.9,4.6,13.8,
28/04/2018,2018,4,28,15.2,5.9,10.6,
29/04/2018,2018,4,29,17.4,5.3,11.4,
30/04/2018,2018,4,30,20,8,14,
1/5/2018,2018,5,1,20.4,4.8,12.6,
2/5/2018,2018,5,2,24.8,5.1,15,
3/5/2018,2018,5,3,25.1,4.4,14.8,
4/5/2018,2018,5,4,24.6,10.1,17.4,
5/5/2018,2018,5,5,23.9,8.2,16.1,
6/5/2018,2018,5,6,24.3,9.8,17.1,
7/5/2018,2018,5,7,23.1,12,17.6,
8/5/2018,2018,5,8,24.7,8.5,16.6,
9/5/2018,2018,5,9,19.9,11.5,15.7,
10/5/2018,2018,5,10,17.5,6.5,12,
11/5/2018,2018,5,11,23.8,8.4,16.1,
12/5/2018,2018,5,12,26.8,6.2,16.5,
13/05/2018,2018,5,13,26.8,8.3,17.6,
14/05/2018,2018,5,14,30.6,8.2,19.4,
15/05/2018,2018,5,15,31.5,9.7,20.6,
16/05/2018,2018,5,16,31.1,11.9,21.5,
17/05/2018,2018,5,17,22.2,10.9,16.6,
18/05/2018,2018,5,18,18.9,13.3,16.1,
19/05/2018,2018,5,19,19.9,10.2,15.1,
20/05/2018,2018,5,20,24.8,8.1,16.5,
21/05/2018,2018,5,21,27.3,8.9,18.1,
22/05/2018,2018,5,22,28.1,8.5,18.3,
23/05/2018,2018,5,23,31.4,10.9,21.2,
24/05/2018,2018,5,24,29.1,11.7,20.4,
25/05/2018,2018,5,25,28.9,10.5,19.7,
26/05/2018,2018,5,26,26.5,6.4,16.5,
27/05/2018,2018,5,27,29.3,7.4,18.4,
28/05/2018,2018,5,28,28.5,10.9,19.7,
29/05/2018,2018,5,29,23.8,5.5,14.7,
30/05/2018,2018,5,30,20.8,3.5,12.2,
31/05/2018,2018,5,31,22.2,6.1,14.2,
1/6/2018,2018,6,1,23.1,6.9,15,
2/6/2018,2018,6,2,26.2,7.6,16.9,
3/6/2018,2018,6,3,20.4,10.6,15.5,
4/6/2018,2018,6,4,21.8,7,14.4,
5/6/2018,2018,6,5,22.2,4.1,13.2,
6/6/2018,2018,6,6,25.9,6.5,16.2,
7/6/2018,2018,6,7,28.8,7.9,18.4,
8/6/2018,2018,6,8,24.5,9.5,17,
9/6/2018,2018,6,9,15.8,11.8,13.8,
10/6/2018,2018,6,10,18.7,6.2,12.5,
11/6/2018,2018,6,11,21.7,4.2,13,
12/6/2018,2018,6,12,20.6,2.6,11.6,
13/06/2018,2018,6,13,22.1,8.2,15.2,
14/06/2018,2018,6,14,22.1,9.9,16,
15/06/2018,2018,6,15,23.4,6.9,15.2,
16/06/2018,2018,6,16,27.9,13.3,20.6,
17/06/2018,2018,6,17,31,8.2,19.6,
18/06/2018,2018,6,18,33.6,10.9,22.3,
19/06/2018,2018,6,19,32,18.2,25.1,
20/06/2018,2018,6,20,32.5,16.6,24.6,
21/06/2018,2018,6,21,27.8,15.4,21.6,
22/06/2018,2018,6,22,26.5,13.2,19.9,
23/06/2018,2018,6,23,28.4,14,21.2,
24/06/2018,2018,6,24,30.2,11,20.6,
25/06/2018,2018,6,25,27.1,11.4,19.3,
26/06/2018,2018,6,26,24.1,5.9,15,
27/06/2018,2018,6,27,23.1,8.3,15.7,
28/06/2018,2018,6,28,21.4,10.9,16.2,
29/06/2018,2018,6,29,25.2,8.4,16.8,
30/06/2018,2018,6,30,22.6,10.4,16.5,
1/7/2018,2018,7,1,26.2,9.4,17.8,
2/7/2018,2018,7,2,20.3,9.8,15.1,
3/7/2018,2018,7,3,24.5,10.9,17.7,
4/7/2018,2018,7,4,27.1,11,19.1,
5/7/2018,2018,7,5,33,14.7,23.9,
6/7/2018,2018,7,6,29.9,15.9,22.9,
7/7/2018,2018,7,7,25.3,11.2,18.3,
8/7/2018,2018,7,8,27.6,10.7,19.2,
9/7/2018,2018,7,9,26.5,14.2,20.4,
10/7/2018,2018,7,10,24.6,15.7,20.2,
11/7/2018,2018,7,11,30,11,20.5,
12/7/2018,2018,7,12,33.2,11.2,22.2,
13/07/2018,2018,7,13,35.9,13,24.5,
14/07/2018,2018,7,14,30.1,17.3,23.7,
15/07/2018,2018,7,15,31.8,10,20.9,
16/07/2018,2018,7,16,34,11.2,22.6,
17/07/2018,2018,7,17,37.1,14.3,25.7,
18/07/2018,2018,7,18,35.8,13.6,24.7,
19/07/2018,2018,7,19,31.7,12.3,22,
20/07/2018,2018,7,20,26.3,8.1,17.2,
21/07/2018,2018,7,21,26.9,9.6,18.3,
22/07/2018,2018,7,22,29.3,12,20.7,
23/07/2018,2018,7,23,31.7,13.7,22.7,
24/07/2018,2018,7,24,32.5,16.4,24.5,
25/07/2018,2018,7,25,32.2,13.8,23,
26/07/2018,2018,7,26,32.2,16.2,24.2,
27/07/2018,2018,7,27,33.6,13.6,23.6,
28/07/2018,2018,7,28,35.1,14.5,24.8,
29/07/2018,2018,7,29,34.8,11.9,23.4,
30/07/2018,2018,7,30,35.1,14.1,24.6,
31/07/2018,2018,7,31,31.8,14.4,23.1,
1/8/2018,2018,8,1,36.8,15.1,26,
2/8/2018,2018,8,2,32,14.4,23.2,
3/8/2018,2018,8,3,27.6,12.3,20,
4/8/2018,2018,8,4,30.2,11.2,20.7,
5/8/2018,2018,8,5,32.5,13.5,23,
6/8/2018,2018,8,6,34.1,12.7,23.4,
7/8/2018,2018,8,7,33.1,12.3,22.7,
8/8/2018,2018,8,8,33,15.1,24.1,
9/8/2018,2018,8,9,33.1,15.2,24.2,
10/8/2018,2018,8,10,32.7,17.5,25.1,
11/8/2018,2018,8,11,31.3,17.6,24.5,
12/8/2018,2018,8,12,23.6,12.8,18.2,
13/08/2018,2018,8,13,24.8,11.8,18.3,
14/08/2018,2018,8,14,26.1,11,18.6,
15/08/2018,2018,8,15,27.7,12.7,20.2,
16/08/2018,2018,8,16,27.9,10.1,19,
17/08/2018,2018,8,17,30.6,14.4,22.5,
18/08/2018,2018,8,18,24.9,14.8,19.9,
19/08/2018,2018,8,19,25.4,11.6,18.5,
20/08/2018,2018,8,20,29.5,11.8,20.7,
21/08/2018,2018,8,21,28.8,9.8,19.3,
22/08/2018,2018,8,22,28.6,9.4,19,
23/08/2018,2018,8,23,27.7,9.3,20.3,
24/08/2018,2018,8,24,23.7,11.7,17.7,
25/08/2018,2018,8,25,20.7,7.1,13.9,
26/08/2018,2018,8,26,20.2,7.7,14,
27/08/2018,2018,8,27,24.9,11.6,18.3,
28/08/2018,2018,8,28,25.6,8.7,17.2,
29/08/2018,2018,8,29,24.7,16.3,20.5,
30/08/2018,2018,8,30,24.6,7.4,16,
31/08/2018,2018,8,31,25.9,5.8,15.9,
1/9/2018,2018,9,1,24.3,7.3,15.8,
2/9/2018,2018,9,2,27,6.2,16.6,
3/9/2018,2018,9,3,23,11,17,
4/9/2018,2018,9,4,23.4,6.5,15,
5/9/2018,2018,9,5,23.3,7,15.2,
6/9/2018,2018,9,6,24.5,8.7,16.6,
7/9/2018,2018,9,7,28.5,6.9,17.7,
8/9/2018,2018,9,8,25.8,9,17.4,
9/9/2018,2018,9,9,25.1,11.8,18.5,
10/9/2018,2018,9,10,22.7,11.9,17.3,
11/9/2018,2018,9,11,22.3,6.2,14.3,
12/9/2018,2018,9,12,21.4,4.1,12.8,
13/09/2018,2018,9,13,17.8,5,11.4,
14/09/2018,2018,9,14,16.6,8.8,12.7,
15/09/2018,2018,9,15,16.2,8.1,12.2,
16/09/2018,2018,9,16,18.5,7.9,13.2,
17/09/2018,2018,9,17,19.4,2.2,10.8,
18/09/2018,2018,9,18,20.1,7.2,13.7,
19/09/2018,2018,9,19,18.1,6.2,12.2,
20/09/2018,2018,9,20,19.3,6.5,12.9,
21/09/2018,2018,9,21,17,10.2,13.6,
22/09/2018,2018,9,22,18.5,10.1,14.3,
23/09/2018,2018,9,23,19.1,6.8,13,
24/09/2018,2018,9,24,21.1,7.9,14.5,
25/09/2018,2018,9,25,19.5,4.2,11.9,
26/09/2018,2018,9,26,19.2,4.6,11.9,
27/09/2018,2018,9,27,20.4,8,14.2,
28/09/2018,2018,9,28,19.7,8.4,14.1,
29/09/2018,2018,9,29,15.2,5.8,10.5,
30/09/2018,2018,9,30,13.3,7.7,10.5,
1/10/2018,2018,10,1,16.9,4.3,10.6,
2/10/2018,2018,10,2,10.8,4.6,7.7,
3/10/2018,2018,10,3,9.7,-1,4.4,
4/10/2018,2018,10,4,13.3,3.4,8.4,
5/10/2018,2018,10,5,10.9,-1.5,4.7,
6/10/2018,2018,10,6,14.4,3.8,9.1,
7/10/2018,2018,10,7,11.4,1.1,6.3,
8/10/2018,2018,10,8,10.7,7.4,9.1,
9/10/2018,2018,10,9,15.1,7.2,11.2,
10/10/2018,2018,10,10,15.7,4.8,10.3,
11/10/2018,2018,10,11,12.4,0.9,6.7,
12/10/2018,2018,10,12,17.8,2.4,10.1,
13/10/2018,2018,10,13,15.7,3.4,9.6,
14/10/2018,2018,10,14,13.3,-2.7,5.3,
15/10/2018,2018,10,15,13.4,-1.9,5.8,
16/10/2018,2018,10,16,13.8,-1.1,6.4,
17/10/2018,2018,10,17,14.4,-2.9,5.8,
18/10/2018,2018,10,18,15.7,-1.5,7.1,
19/10/2018,2018,10,19,15.9,0.5,8.2,
20/10/2018,2018,10,20,16.1,-1.1,7.5,
21/10/2018,2018,10,21,13.7,1.5,7.6,
22/10/2018,2018,10,22,12.6,0.5,6.6,
23/10/2018,2018,10,23,12.8,-1.9,5.5,
24/10/2018,2018,10,24,16.4,3.3,9.9,
25/10/2018,2018,10,25,14.8,10.1,12.5,
26/10/2018,2018,10,26,14.4,3.7,9.1,
27/10/2018,2018,10,27,13.1,-2,5.6,
28/10/2018,2018,10,28,12.3,4.3,8.3,
29/10/2018,2018,10,29,13.8,2.9,8.4,
30/10/2018,2018,10,30,12.8,0.8,6.8,
31/10/2018,2018,10,31,11.2,7,9.1,
1/11/2018,2018,11,1,10.9,6.7,8.8,
2/11/2018,2018,11,2,16.8,6.9,11.9,
3/11/2018,2018,11,3,12.2,5.7,9,
4/11/2018,2018,11,4,17,4.9,11,
5/11/2018,2018,11,5,11.2,1.2,6.2,
6/11/2018,2018,11,6,8.8,0.2,4.5,
7/11/2018,2018,11,7,6.7,-0.9,2.9,
8/11/2018,2018,11,8,4.5,-5.6,-0.6,
9/11/2018,2018,11,9,3.4,-4.2,-0.4,
10/11/2018,2018,11,10,8.1,0,4.1,
11/11/2018,2018,11,11,7.2,-5.1,1.1,
12/11/2018,2018,11,12,6.1,-2.9,1.6,
13/11/2018,2018,11,13,6.4,2.1,4.3,
14/11/2018,2018,11,14,5,1.3,3.2,
15/11/2018,2018,11,15,5.4,0.7,3.1,
16/11/2018,2018,11,16,10.6,0.9,5.8,
17/11/2018,2018,11,17,6.1,-2.6,1.8,
18/11/2018,2018,11,18,4.4,-5.9,-0.8,
19/11/2018,2018,11,19,4.2,-5.6,-0.7,
20/11/2018,2018,11,20,4.4,-7.5,-1.6,
21/11/2018,2018,11,21,6.3,-5.2,0.6,
22/11/2018,2018,11,22,7.1,3.9,5.5,
23/11/2018,2018,11,23,4.5,0.8,2.7,
24/11/2018,2018,11,24,6.3,-2.3,2,
25/11/2018,2018,11,25,6.1,-2.7,1.7,
26/11/2018,2018,11,26,6.5,5.2,5.9,
27/11/2018,2018,11,27,8.1,5.4,6.8,
28/11/2018,2018,11,28,7.7,5.6,6.7,
29/11/2018,2018,11,29,6.2,3.7,5,
30/11/2018,2018,11,30,7.7,2,4.9,
1/12/2018,2018,12,1,6,1.6,3.8,
2/12/2018,2018,12,2,4.6,1.6,3.1,
3/12/2018,2018,12,3,5,-2.5,1.3,
4/12/2018,2018,12,4,1.2,-8.8,-3.8,
5/12/2018,2018,12,5,2,-8.2,-3.1,
6/12/2018,2018,12,6,-0.6,-10.7,-5.7,
7/12/2018,2018,12,7,-0.1,-8.5,-4.3,
8/12/2018,2018,12,8,1.7,-0.8,0.5,
9/12/2018,2018,12,9,4,1.1,2.6,
10/12/2018,2018,12,10,3.4,2,2.7,
11/12/2018,2018,12,11,2.9,0.4,1.7,
12/12/2018,2018,12,12,5.6,1,3.3,
13/12/2018,2018,12,13,7.9,5.2,6.6,
14/12/2018,2018,12,14,7.8,5.8,6.8,
15/12/2018,2018,12,15,7.3,3,5.2,
16/12/2018,2018,12,16,6.3,3.4,4.9,
17/12/2018,2018,12,17,7.6,5.1,6.4,
18/12/2018,2018,12,18,9.4,5.8,7.6,
19/12/2018,2018,12,19,7.6,4.4,6,
20/12/2018,2018,12,20,8.8,4.8,6.8,
21/12/2018,2018,12,21,8.5,-3.4,2.6,
22/12/2018,2018,12,22,2.4,-7.5,-2.6,
23/12/2018,2018,12,23,4.2,0.8,2.5,
24/12/2018,2018,12,24,4.5,-1.5,1.5,
25/12/2018,2018,12,25,4.3,-0.1,2.1,
26/12/2018,2018,12,26,0.8,-0.6,0.1,
27/12/2018,2018,12,27,1.2,-3.5,-1.2,
28/12/2018,2018,12,28,-0.5,-4.2,-2.4,
29/12/2018,2018,12,29,3.2,-2.9,0.2,
30/12/2018,2018,12,30,5.2,-0.2,2.5,
31/12/2018,2018,12,31,1.1,-6.4,-2.7,
1/1/2019,2019,1,1,1.2,-3.2,-1,
2/1/2019,2019,1,2,1.4,-0.2,0.6,
3/1/2019,2019,1,3,5.3,0.8,3.1,
4/1/2019,2019,1,4,9,4.7,6.9,
5/1/2019,2019,1,5,6.1,-1.8,2.2,
6/1/2019,2019,1,6,7.8,-1.7,3.1,
7/1/2019,2019,1,7,5.4,-4.6,0.4,
8/1/2019,2019,1,8,-0.7,-8.6,-4.7,
9/1/2019,2019,1,9,3.8,-2.8,0.5,
10/1/2019,2019,1,10,5.3,3.3,4.3,
11/1/2019,2019,1,11,5.1,-2.3,1.4,
12/1/2019,2019,1,12,2.1,-4.4,-1.2,
13/01/2019,2019,1,13,1.5,0.1,0.8,
14/01/2019,2019,1,14,0.2,-1.1,-0.5,
15/01/2019,2019,1,15,-0.5,-2.2,-1.4,
16/01/2019,2019,1,16,1.5,-2,-0.3,
17/01/2019,2019,1,17,1.4,-0.8,0.3,
18/01/2019,2019,1,18,4.9,1.4,3.2,
19/01/2019,2019,1,19,6.6,3.1,4.9,
20/01/2019,2019,1,20,3.6,-3.3,0.2,
21/01/2019,2019,1,21,3.3,-6.7,-1.7,
22/01/2019,2019,1,22,2.8,-5.3,-1.3,
23/01/2019,2019,1,23,2.7,-6.4,-1.9,
24/01/2019,2019,1,24,-1.3,-6.6,-4,
25/01/2019,2019,1,25,0.7,-4.2,-1.8,
26/01/2019,2019,1,26,0.1,-3.7,-1.8,
27/01/2019,2019,1,27,8.3,-2.8,2.8,
28/01/2019,2019,1,28,2.2,-7,-2.4,
29/01/2019,2019,1,29,-1.2,-8.9,-5.1,
30/01/2019,2019,1,30,-0.2,-6.2,-3.2,
31/01/2019,2019,1,31,0.7,-1.2,-0.3,
1/2/2019,2019,2,1,2.4,0,1.2,
2/2/2019,2019,2,2,2.8,-3.3,-0.3,
3/2/2019,2019,2,3,0.4,-12.7,-6.2,
4/2/2019,2019,2,4,-10.5,-14.2,-12.4,
5/2/2019,2019,2,5,-8.8,-14.9,-11.9,
6/2/2019,2019,2,6,-6.8,-13.8,-10.3,
7/2/2019,2019,2,7,-4.9,-15.9,-10.4,
8/2/2019,2019,2,8,-2.6,-7.6,-5.1,
9/2/2019,2019,2,9,-5.5,-10.1,-7.8,
10/2/2019,2019,2,10,-8.7,-14.8,-11.8,
11/2/2019,2019,2,11,-7.8,-12.8,-10.3,
12/2/2019,2019,2,12,-6,-12.1,-9.1,
13/02/2019,2019,2,13,-3.7,-11.2,-7.5,
14/02/2019,2019,2,14,-5.6,-13.4,-9.5,
15/02/2019,2019,2,15,0.3,-6.2,-3,
16/02/2019,2019,2,16,2.7,-3.2,-0.3,
17/02/2019,2019,2,17,0.9,-5.7,-2.4,
18/02/2019,2019,2,18,-1.8,-12.2,-7,
19/02/2019,2019,2,19,-2.7,-13.4,-8.1,
20/02/2019,2019,2,20,0.4,-8.8,-4.2,
21/02/2019,2019,2,21,1.6,-6.1,-2.3,
22/02/2019,2019,2,22,-0.8,-7.2,-4,
23/02/2019,2019,2,23,-0.5,-10.6,-5.6,
24/02/2019,2019,2,24,2.4,-5.4,-1.5,
25/02/2019,2019,2,25,-0.6,-5.4,-3,
26/02/2019,2019,2,26,-2.6,-11.6,-7.1,
27/02/2019,2019,2,27,-3.9,-12.2,-8.1,
28/02/2019,2019,2,28,0.4,-5.1,-2.4,
1/3/2019,2019,3,1,2.3,-7.2,-2.5,
2/3/2019,2019,3,2,0.2,-8.6,-4.2,
3/3/2019,2019,3,3,-2.5,-10.9,-6.7,
4/3/2019,2019,3,4,-2.4,-15.1,-8.8,
5/3/2019,2019,3,5,-2,-13.7,-7.9,
6/3/2019,2019,3,6,0.7,-3.3,-1.3,
7/3/2019,2019,3,7,2.4,-1.8,0.3,
8/3/2019,2019,3,8,1.9,-6.1,-2.1,
9/3/2019,2019,3,9,1.8,-5,-1.6,
10/3/2019,2019,3,10,4.2,-11.8,-3.8,
11/3/2019,2019,3,11,0.1,-2.3,-1.1,
12/3/2019,2019,3,12,2.2,-5.2,-1.5,
13/03/2019,2019,3,13,4.9,-10.1,-2.6,
14/03/2019,2019,3,14,6.2,-5.8,0.2,
15/03/2019,2019,3,15,8.6,1.7,5.2,
16/03/2019,2019,3,16,10.5,-3.5,3.5,
17/03/2019,2019,3,17,11,-3.8,3.6,
18/03/2019,2019,3,18,11.7,-2.9,4.4,
19/03/2019,2019,3,19,12.3,-4.2,4.1,
20/03/2019,2019,3,20,14.2,-3.3,5.5,
21/03/2019,2019,3,21,14.3,-2.9,5.7,
22/03/2019,2019,3,22,16.5,-2.3,7.1,
23/03/2019,2019,3,23,17.1,5,11.1,
24/03/2019,2019,3,24,11.9,1.6,6.8,
25/03/2019,2019,3,25,13.2,6,9.6,
26/03/2019,2019,3,26,12.9,1.9,7.4,
27/03/2019,2019,3,27,14.9,-3,6,
28/03/2019,2019,3,28,13.9,0.2,7.1,
29/03/2019,2019,3,29,15.4,-1.4,7,
30/03/2019,2019,3,30,14.4,-2.8,5.8,
31/03/2019,2019,3,31,18,4.2,11.1,
1/4/2019,2019,4,1,15.3,-0.6,7.4,
2/4/2019,2019,4,2,15.2,-0.9,7.2,
3/4/2019,2019,4,3,12.6,3.1,7.9,
4/4/2019,2019,4,4,16.4,-0.9,7.8,
5/4/2019,2019,4,5,12.4,5.4,8.9,
6/4/2019,2019,4,6,10.6,1.5,6.1,
7/4/2019,2019,4,7,16,3.2,9.6,
8/4/2019,2019,4,8,13.8,0.6,7.2,
9/4/2019,2019,4,9,16.7,4.2,10.5,
10/4/2019,2019,4,10,12.2,2.8,7.5,
11/4/2019,2019,4,11,10.8,0.6,5.7,
12/4/2019,2019,4,12,14.3,3.9,9.1,
13/04/2019,2019,4,13,11.6,0.2,5.9,
14/04/2019,2019,4,14,13.2,5,9.1,
15/04/2019,2019,4,15,14.6,-2.5,6.1,
16/04/2019,2019,4,16,16.4,-1.3,7.6,
