"","draw","variety_encoded","Intercept","slope"
"1",32,"0",3.07330596151109,0.107074839956153
"2",68,"0",3.01213367800117,0.11044053453467
"3",81,"0",3.03520854421949,0.11229178065818
"4",157,"0",3.08052435247175,0.111183096857299
"5",175,"0",2.66233752497333,0.105072959901316
"6",198,"0",3.10732440662,0.11423386812609
"7",209,"0",2.43419693419308,0.104492100809715
"8",211,"0",3.05949258646938,0.103020764054742
"9",226,"0",3.26230177083926,0.104452607059129
"10",243,"0",3.09118027050902,0.108594925124913
"11",346,"0",3.14397147485878,0.110485939922888
"12",415,"0",3.13271184062585,0.104366775189805
"13",431,"0",3.09679085551144,0.108738972525193
"14",458,"0",2.81606527281643,0.110590622138673
"15",489,"0",3.25987778822095,0.105834955103423
"16",603,"0",2.64825445131724,0.10550442636187
"17",621,"0",2.57943606345405,0.109128953273651
"18",705,"0",3.28240687110029,0.106631840889844
"19",771,"0",2.65155795843822,0.110846680399434
"20",815,"0",3.34215363762975,0.102153390594597
"21",818,"0",3.22533204952486,0.114225518537625
"22",821,"0",2.74246372753463,0.119472670906528
"23",902,"0",3.28187199886271,0.107102430967784
"24",972,"0",2.71250604629538,0.117050499415066
"25",1009,"0",2.91916342162497,0.112715614233051
"26",1047,"0",2.86692149743251,0.10552628157937
"27",1064,"0",3.10070304388882,0.102289385630249
"28",1119,"0",3.11285340847719,0.115844551451848
"29",1125,"0",3.12973035393975,0.109614366796346
"30",1144,"0",2.78484562013599,0.0989989621117733
"31",1162,"0",2.81255207207539,0.105819331711943
"32",1211,"0",2.849226940999,0.104624179709711
"33",1230,"0",2.68489418525704,0.113176070376518
"34",1312,"0",3.47046929272768,0.114500558611452
"35",1360,"0",2.826614850048,0.119945272183361
"36",1367,"0",2.91412618466726,0.113247171843693
"37",1377,"0",3.43032548461346,0.117495610668288
"38",1396,"0",3.05510113176068,0.112810621310618
"39",1402,"0",2.95908245078703,0.102270903060103
"40",1493,"0",2.93339987420051,0.108846453371526
"41",1513,"0",3.04015845187303,0.106529163845143
"42",1554,"0",3.14092801860273,0.110119083557873
"43",1555,"0",2.86002726892967,0.114978665279485
"44",1559,"0",3.41446124770687,0.109016497381272
"45",1576,"0",2.98430256615526,0.104511236674848
"46",1623,"0",2.97189762615085,0.109887040843642
"47",1678,"0",2.9231336751715,0.113016619152828
"48",1763,"0",2.95499891467076,0.110347555745734
"49",1765,"0",2.97492019255597,0.109158485312886
"50",1816,"0",2.53207180425879,0.122870578640341
"51",1827,"0",3.05898798992067,0.104757143948663
"52",1867,"0",2.97027302166107,0.108326833468333
"53",2027,"0",3.03786668901293,0.101792980333719
"54",2066,"0",2.62309865287447,0.112305763643751
"55",2106,"0",2.97284209577487,0.108364453971705
"56",2124,"0",3.21431035115604,0.111257295432684
"57",2234,"0",3.28456785384677,0.107946371062535
"58",2269,"0",3.42117287849863,0.108745674679824
"59",2274,"0",3.40985570542383,0.108859174400089
"60",2296,"0",2.52775698161007,0.113313772641438
"61",2308,"0",2.89400347853081,0.11211022349936
"62",2338,"0",2.69741467502557,0.0977361785178777
"63",2339,"0",3.26245572625979,0.106689390743289
"64",2419,"0",3.10554962549877,0.105209317646373
"65",2607,"0",2.73716120563639,0.106693809560773
"66",2703,"0",3.04138290538177,0.106368526337422
"67",2737,"0",3.18226990001118,0.105931794363771
"68",2847,"0",3.22925771956937,0.10550442636187
"69",2850,"0",2.61462513764155,0.106652931494998
"70",2852,"0",2.6368483803129,0.107680737651353
"71",2859,"0",2.97703215547492,0.112350792247521
"72",2893,"0",2.80021605101537,0.104751479918351
"73",2997,"0",3.3882194933494,0.108247775335303
"74",3031,"0",3.07774567147473,0.114138436035871
"75",3078,"0",3.00410881637908,0.106717000071105
"76",3110,"0",2.76640208576297,0.109749288734062
"77",3123,"0",2.66091998914347,0.100259289798658
"78",3163,"0",3.39278280938821,0.112328592838902
"79",3185,"0",3.21467272379276,0.103136327146339
"80",3193,"0",3.26401987438662,0.107627266710737
"81",3202,"0",3.12376595247245,0.10344390381794
"82",3252,"0",3.2944104860955,0.106285077774507
"83",3292,"0",3.05798149703515,0.117245808425439
"84",3303,"0",2.88793216058582,0.105464818050404
"85",3339,"0",2.97803056382826,0.110262189050312
"86",3413,"0",2.88318301538222,0.116146278934284
"87",3461,"0",3.16019197254899,0.111277399454363
"88",3469,"0",3.27376604392598,0.110698459871097
"89",3474,"0",2.91372914862582,0.105846659863592
"90",3488,"0",3.13002092853622,0.100846820227027
"91",3553,"0",3.24563185402066,0.11437206326807
"92",3597,"0",2.47916912377726,0.112537362786433
"93",3604,"0",3.23760084963791,0.100436716084619
"94",3618,"0",3.13955695960103,0.108177312334046
"95",3652,"0",3.08224445094719,0.11091070195619
"96",3720,"0",3.00312728493041,0.108970473123575
"97",3788,"0",3.0168172618474,0.109502405240993
"98",3817,"0",2.76726623531702,0.109660375559252
"99",3838,"0",3.36605207532615,0.10015045703596
"100",3920,"0",3.02717404955871,0.108171451362822
"101",32,"1",2.1313095471163,0.121054182113599
"102",68,"1",2.2691322727207,0.118516860670413
"103",81,"1",2.27010106372374,0.104913738753707
"104",157,"1",2.06654946865415,0.108367271968819
"105",175,"1",1.81507239551383,0.108725133547952
"106",198,"1",1.89149891005641,0.102609477295049
"107",209,"1",2.12065471208575,0.109879863587009
"108",211,"1",2.4303559686346,0.106475554417966
"109",226,"1",1.98966788875674,0.116156858781056
"110",243,"1",1.89074399663531,0.108674428880127
"111",346,"1",2.20905815676724,0.113513517427442
"112",415,"1",2.33156656421263,0.112018080648082
"113",431,"1",1.86996822994559,0.106539859257337
"114",458,"1",2.21311612499952,0.111598884838503
"115",489,"1",2.24278617409706,0.111386050729883
"116",603,"1",2.33196672192423,0.118516860670413
"117",621,"1",1.95114638706696,0.104511236674848
"118",705,"1",2.09170657127683,0.112833148750782
"119",771,"1",1.97105958510077,0.109741875608122
"120",815,"1",2.39772233005272,0.110365877295504
"121",818,"1",1.90079779798663,0.104449324372883
"122",821,"1",1.71041706735613,0.117495610668288
"123",902,"1",2.11308554305234,0.115152423156769
"124",972,"1",2.0792961486306,0.109774982550431
"125",1009,"1",2.07441775056176,0.110497531573987
"126",1047,"1",2.23132817816683,0.106407495547692
"127",1064,"1",2.11173981022994,0.107368942865615
"128",1119,"1",2.02407586250989,0.115539761803238
"129",1125,"1",2.07874658858533,0.10530277910384
"130",1144,"1",2.05822978130744,0.102368635301919
"131",1162,"1",2.01436303710344,0.102310505297276
"132",1211,"1",1.99376210056926,0.101902196379118
"133",1230,"1",1.98212539877038,0.109997573869949
"134",1312,"1",1.76380006541057,0.108522558408898
"135",1360,"1",2.17739896874087,0.10485789374507
"136",1367,"1",1.9228446325941,0.105625874827251
"137",1377,"1",1.90599685344514,0.106677324708305
"138",1396,"1",2.28790450526736,0.118641890751764
"139",1402,"1",2.17064277167278,0.115073296876307
"140",1493,"1",2.19259212804654,0.110508402529201
"141",1513,"1",1.82868770208404,0.113029145601481
"142",1554,"1",2.39726166389788,0.0987368641040993
"143",1555,"1",1.95907045181486,0.113016619152828
"144",1559,"1",2.46266275249329,0.105703523495359
"145",1576,"1",2.29564814232517,0.10720508777837
"146",1623,"1",2.05377808218272,0.105664182638438
"147",1678,"1",2.09085211127497,0.0989913281707394
"148",1763,"1",2.27683522985984,0.102491172831428
"149",1765,"1",1.89068986533307,0.105275570986595
"150",1816,"1",2.09724656944675,0.107610219956197
"151",1827,"1",1.91243315162155,0.109452728683928
"152",1867,"1",2.31928421676704,0.107136326102488
"153",2027,"1",2.19190285606816,0.107680472566654
"154",2066,"1",2.18601658467156,0.105864349733187
"155",2106,"1",1.80607048722161,0.115171867782172
"156",2124,"1",2.11017490796608,0.106859634498696
"157",2234,"1",2.26073854388606,0.102610320729711
"158",2269,"1",2.3327588580373,0.103661094305606
"159",2274,"1",2.59013778131808,0.108939879854401
"160",2296,"1",2.02842065031006,0.105544108001544
"161",2308,"1",1.89376284315015,0.109175622042047
"162",2338,"1",2.14586416434429,0.122495513937447
"163",2339,"1",2.09872671142964,0.117401659654853
"164",2419,"1",1.73482403206382,0.107701739571396
"165",2607,"1",2.33905458019251,0.116117327010079
"166",2703,"1",2.1169895006487,0.110075533674426
"167",2737,"1",2.21806951338292,0.107042667217763
"168",2847,"1",2.06171835194075,0.100030316019897
"169",2850,"1",1.93776550776448,0.107297842934751
"170",2852,"1",2.0264358586504,0.108403811062933
"171",2859,"1",1.99857954170789,0.114271613391332
"172",2893,"1",1.84612266051399,0.113474709879319
"173",2997,"1",2.07061070025963,0.111482416062222
"174",3031,"1",2.14233739489679,0.108729739816826
"175",3078,"1",1.77435769749035,0.112076777624398
"176",3110,"1",1.70734597209834,0.109689314812056
"177",3123,"1",1.89190840985721,0.108335071319767
"178",3163,"1",2.15847245733418,0.116047186697825
"179",3185,"1",2.02860174034357,0.11081645762329
"180",3193,"1",2.49907820597201,0.0981092140498898
"181",3202,"1",2.07725439461525,0.110761402976097
"182",3252,"1",1.94883645610979,0.105774760243326
"183",3292,"1",2.32032730806773,0.0990217102463851
"184",3303,"1",2.27096314167932,0.107367952152947
"185",3339,"1",2.29299991816483,0.104672243301719
"186",3413,"1",2.39311563961021,0.115144241796636
"187",3461,"1",2.14694893476467,0.104836283740077
"188",3469,"1",2.18314992361383,0.115482889800088
"189",3474,"1",2.21230485306533,0.105703523495359
"190",3488,"1",2.23565659274815,0.109710386731868
"191",3553,"1",2.04165210061902,0.104921289936679
"192",3597,"1",2.30307921539543,0.113821606932181
"193",3604,"1",2.34321525059787,0.109279960424667
"194",3618,"1",1.82360836414228,0.10911506539726
"195",3652,"1",2.11260432987477,0.107599201769139
"196",3720,"1",2.18521929528793,0.108174055853829
"197",3788,"1",2.1900403361428,0.105958536151375
"198",3817,"1",2.39819071565481,0.105958536151375
"199",3838,"1",2.12929310608353,0.117680391979449
"200",3920,"1",2.39112518625542,0.115334290728315
"201",32,"2",2.53046487598519,0.107488775635609
"202",68,"2",2.79526303096045,0.108184761631448
"203",81,"2",2.83995733434471,0.100711809773432
"204",157,"2",2.73813742903662,0.119854209010617
"205",175,"2",2.64937212414244,0.109964383286692
"206",198,"2",2.69209853190999,0.104900782185424
"207",209,"2",2.35850164284616,0.104296789046324
"208",211,"2",2.53177222124678,0.112121049481957
"209",226,"2",2.84615185366344,0.111800062343273
"210",243,"2",2.52325156518285,0.109232934959517
"211",346,"2",2.70442195482721,0.104841065104972
"212",415,"2",2.81648959390036,0.111025295585525
"213",431,"2",2.43624329620947,0.110880877004024
"214",458,"2",2.57249266364747,0.116850939514334
"215",489,"2",2.47737841407526,0.119841151146397
"216",603,"2",2.34846268223047,0.115807064160808
"217",621,"2",2.52293455069134,0.0993815960999286
"218",705,"2",2.7111624562745,0.117280996320464
"219",771,"2",2.69628735213557,0.114500558611452
"220",815,"2",2.81118640644496,0.108368578924673
"221",818,"2",2.72143640795744,0.109236614968882
"222",821,"2",2.38447193983753,0.107348167205293
"223",902,"2",2.66243110217122,0.109400594925184
"224",972,"2",2.77988240597049,0.102420797738421
"225",1009,"2",2.39233002064217,0.103821065353776
"226",1047,"2",2.75328535378962,0.105013827866996
"227",1064,"2",2.70761414826092,0.111806139017319
"228",1119,"2",2.67069408636016,0.121658486447141
"229",1125,"2",2.64369796686166,0.102491172831428
"230",1144,"2",2.54976696480513,0.114360457084588
"231",1162,"2",2.6574293183389,0.108735164553715
"232",1211,"2",2.74623832183861,0.110704791103243
"233",1230,"2",2.41568680807005,0.111813834745193
"234",1312,"2",2.88270870986411,0.109964383286692
"235",1360,"2",2.58787155394175,0.121054182113599
"236",1367,"2",2.50613917508511,0.107303490738422
"237",1377,"2",2.74781165746731,0.108578385634694
"238",1396,"2",2.6488040630165,0.101791472130812
"239",1402,"2",2.595578046968,0.108580265165734
"240",1493,"2",2.8501499125509,0.108364168300975
"241",1513,"2",2.83689076337735,0.106111122877326
"242",1554,"2",2.50817421251561,0.112043350311033
"243",1555,"2",2.54656575090902,0.115816963752475
"244",1559,"2",2.66082486062788,0.103218881401829
"245",1576,"2",2.50211721762122,0.107634746786429
"246",1623,"2",2.45296245808978,0.114441197490743
"247",1678,"2",2.16445197785952,0.110155720467153
"248",1763,"2",2.78377324805786,0.104882961562423
"249",1765,"2",2.61373261947361,0.111777185533208
"250",1816,"2",2.71842656328155,0.105898426417206
"251",1827,"2",2.29111109340281,0.109620728103908
"252",1867,"2",2.68967288519377,0.102310470487085
"253",2027,"2",2.59471413984657,0.112057449204275
"254",2066,"2",2.63263659141651,0.109812915345396
"255",2106,"2",2.74672359629381,0.11352551831553
"256",2124,"2",2.98664261855933,0.104005633274382
"257",2234,"2",2.51478316286413,0.109387187722697
"258",2269,"2",2.435297536828,0.108274930999112
"259",2274,"2",2.56672560814437,0.105987497865945
"260",2296,"2",2.42714104918093,0.106872965089673
"261",2308,"2",2.34500982880348,0.109994374997752
"262",2338,"2",2.69837258517532,0.110281002139813
"263",2339,"2",2.57739943672286,0.10449687407504
"264",2419,"2",2.70372111136399,0.105150024783103
"265",2607,"2",2.7561429859284,0.110824591063447
"266",2703,"2",2.71239325915542,0.103380750715437
"267",2737,"2",2.58810376599736,0.112304813973721
"268",2847,"2",2.664252567045,0.102703433375492
"269",2850,"2",2.64273698667905,0.106301534770011
"270",2852,"2",2.63503124731374,0.113606674728581
"271",2859,"2",2.56895108993009,0.100007856952958
"272",2893,"2",2.48171336017543,0.102980673385096
"273",2997,"2",2.5866187618737,0.0979808038409567
"274",3031,"2",2.79181135742689,0.1080694045139
"275",3078,"2",2.63843809168417,0.110502139484383
"276",3110,"2",2.6547270296599,0.109559187714462
"277",3123,"2",2.76761659704286,0.108481905150213
"278",3163,"2",2.77283847928621,0.109447250281173
"279",3185,"2",2.43625989273897,0.107186680454028
"280",3193,"2",2.60224306509573,0.108858710070197
"281",3202,"2",2.73808016170955,0.106303893863679
"282",3252,"2",2.52852843730565,0.109455905437928
"283",3292,"2",2.90225658741285,0.103520632867749
"284",3303,"2",2.95369789358743,0.10826157450773
"285",3339,"2",2.66143994240535,0.10944014806596
"286",3413,"2",2.69553091356585,0.111786162654233
"287",3461,"2",2.65874161068132,0.10513538339236
"288",3469,"2",2.32904024408583,0.114796981080757
"289",3474,"2",2.55743508809772,0.10948570943079
"290",3488,"2",2.88420199432389,0.11476836502393
"291",3553,"2",2.9715445458628,0.112112273230556
"292",3597,"2",2.61415902934387,0.112889544475028
"293",3604,"2",2.59039035574384,0.110220804505612
"294",3618,"2",2.80219314124468,0.104204684684892
"295",3652,"2",2.59346403273001,0.106631840889844
"296",3720,"2",2.63758194021068,0.110298616729628
"297",3788,"2",2.84956426350817,0.109063390128159
"298",3817,"2",2.8467622091276,0.104539422448517
"299",3838,"2",2.25342439911891,0.112751700240113
"300",3920,"2",2.62571649091166,0.10406992410644
"301",32,"3",2.61784801619661,0.106317801694862
"302",68,"3",2.09497540808618,0.110760826153631
"303",81,"3",2.63357611548442,0.107486695500167
"304",157,"3",2.49185005493251,0.105346095946238
"305",175,"3",2.52513202278506,0.111895026692017
"306",198,"3",2.30165032816872,0.110482934171249
"307",209,"3",2.34578647132401,0.111142278656163
"308",211,"3",2.42143888350784,0.110226875437862
"309",226,"3",2.44200963483606,0.105592751669772
"310",243,"3",2.38938528113751,0.106549998134006
"311",346,"3",2.02741125755439,0.103533325481841
"312",415,"3",2.37821414224531,0.0968908145436326
"313",431,"3",2.0860665283315,0.116774082484966
"314",458,"3",2.06424172401898,0.102070809678555
"315",489,"3",2.06143048215929,0.110319312975347
"316",603,"3",2.53500396823476,0.110645701469019
"317",621,"3",2.46911135123416,0.108472034959495
"318",705,"3",2.35457409266861,0.121375776245493
"319",771,"3",1.83289165195561,0.110817977306846
"320",815,"3",1.83131549086814,0.10405671785527
"321",818,"3",2.29625535655938,0.0998196950084653
"322",821,"3",2.29654340128001,0.112365744781737
"323",902,"3",2.73763560010665,0.106174696848837
"324",972,"3",2.21480686476447,0.101130623140037
"325",1009,"3",2.4257942751409,0.101861574175571
"326",1047,"3",2.36737557728653,0.105498036300355
"327",1064,"3",2.4857599251187,0.10817857986677
"328",1119,"3",2.27344337065384,0.107528435260297
"329",1125,"3",2.06790068390217,0.101628539805161
"330",1144,"3",2.13950162432501,0.111749441695537
"331",1162,"3",2.75319685660307,0.105993115191847
"332",1211,"3",1.93152359595239,0.105218590068661
"333",1230,"3",2.24250569039995,0.108414195489493
"334",1312,"3",2.31271858846365,0.104208161038994
"335",1360,"3",2.29667303326857,0.113654660749033
"336",1367,"3",2.10979246008424,0.111526132082372
"337",1377,"3",2.38878493750246,0.110525063082133
"338",1396,"3",2.52546781204103,0.112272998409756
"339",1402,"3",2.51972014448372,0.111523245149544
"340",1493,"3",2.32473162776102,0.108918829633456
"341",1513,"3",2.05568266885416,0.110058745391311
"342",1554,"3",2.61695752772656,0.114370815977316
"343",1555,"3",2.03499022393358,0.106486398372264
"344",1559,"3",2.43065141421521,0.105451553576232
"345",1576,"3",2.26361577585659,0.110347555745734
"346",1623,"3",2.13923130551238,0.110245321898
"347",1678,"3",2.52498199648184,0.112228230419047
"348",1763,"3",2.93085350983119,0.104732281022216
"349",1765,"3",2.43603685210826,0.111820048571384
"350",1816,"3",2.14275608169734,0.106689390743289
"351",1827,"3",2.20911043784069,0.105208721211046
"352",1867,"3",2.34084155593604,0.109238146324952
"353",2027,"3",2.18747937824513,0.111212348322926
"354",2066,"3",2.28441497437143,0.0997563728929924
"355",2106,"3",2.26060735362463,0.0988852727927956
"356",2124,"3",2.40847345032528,0.107834209948834
"357",2234,"3",2.32125946322446,0.108882922980536
"358",2269,"3",2.62161172650353,0.110897823515344
"359",2274,"3",3.00493858284813,0.110858150940167
"360",2296,"3",2.26802526737539,0.107931897687773
"361",2308,"3",2.35098965692876,0.114742303650087
"362",2338,"3",2.73829355068231,0.0953067645693251
"363",2339,"3",1.78478225926983,0.113030657196165
"364",2419,"3",2.19694490026866,0.102918032396494
"365",2607,"3",2.61689227339113,0.106521678133024
"366",2703,"3",2.27626738428504,0.10754277971166
"367",2737,"3",2.2532824578153,0.103227143872439
"368",2847,"3",2.74473644423849,0.112602704853877
"369",2850,"3",2.08414860151898,0.105654991167206
"370",2852,"3",2.63404324744922,0.10609549822779
"371",2859,"3",2.48663533898189,0.114790395016126
"372",2893,"3",2.18051640459777,0.109760109640505
"373",2997,"3",2.58780756910125,0.112563646191838
"374",3031,"3",2.65097393891972,0.104189440442134
"375",3078,"3",1.97640610548288,0.0998899939637763
"376",3110,"3",2.04083736116698,0.109844236939002
"377",3123,"3",2.35261376885899,0.106831613071117
"378",3163,"3",2.29868379409385,0.103911691885337
"379",3185,"3",2.12507632755093,0.115686524748997
"380",3193,"3",2.09965654190014,0.095305662980151
"381",3202,"3",2.2730685949249,0.113777488198882
"382",3252,"3",2.00493141668416,0.117280996320464
"383",3292,"3",2.152518860118,0.106773330377508
"384",3303,"3",2.33193491403593,0.110508402529201
"385",3339,"3",2.45809644217833,0.10946829736207
"386",3413,"3",2.56047760299227,0.114090319979517
"387",3461,"3",2.11407320441787,0.107368942865615
"388",3469,"3",2.3247164604187,0.110400001109051
"389",3474,"3",1.97930589515474,0.102040084561081
"390",3488,"3",2.05208376888198,0.112067666940578
"391",3553,"3",2.25184341673481,0.109251968865529
"392",3597,"3",2.16075870040012,0.11615674068695
"393",3604,"3",2.46515089679344,0.103275849992936
"394",3618,"3",2.09766059158535,0.108217301316709
"395",3652,"3",2.44869004428156,0.111434025900604
"396",3720,"3",2.78386523076161,0.110491496183945
"397",3788,"3",2.54193477374574,0.1100778430736
"398",3817,"3",2.17046409486118,0.110065244716328
"399",3838,"3",2.67590560955786,0.106750570908307
"400",3920,"3",2.66613612918476,0.112454599367277
"401",32,"4",2.61326994928509,0.113016619152828
"402",68,"4",2.43181146521015,0.105586259075149
"403",81,"4",2.88575906048575,0.111750303785338
"404",157,"4",3.31221599222659,0.113464358039663
"405",175,"4",2.76799909161357,0.111186213631424
"406",198,"4",1.88304603259024,0.109069859378678
"407",209,"4",2.71843998537847,0.106741076998497
"408",211,"4",2.92767397656875,0.110491496183945
"409",226,"4",3.20816661061743,0.111283414915339
"410",243,"4",3.11465673956248,0.110569293221864
"411",346,"4",3.01816201412332,0.10667747818273
"412",415,"4",3.02094904162942,0.101309686815022
"413",431,"4",2.34501544364846,0.114090319979517
"414",458,"4",2.77020922929869,0.117085818240294
"415",489,"4",2.77515308617857,0.107588771446231
"416",603,"4",2.72310962150599,0.106638242042887
"417",621,"4",2.24205067617402,0.11742497933427
"418",705,"4",2.17893105962735,0.107178899246918
"419",771,"4",2.21560574568258,0.105944260677647
"420",815,"4",2.86379649861088,0.104641563793343
"421",818,"4",2.81957683775844,0.112425810020395
"422",821,"4",3.00329955677522,0.116047186697825
"423",902,"4",3.04040357639931,0.109404235003847
"424",972,"4",2.9136998407658,0.111975370443713
"425",1009,"4",2.61347915460795,0.104845789923584
"426",1047,"4",2.33026709807782,0.10344390381794
"427",1064,"4",2.31085606685049,0.0972166221922144
"428",1119,"4",2.32033287943363,0.108956820017405
"429",1125,"4",2.41549351466076,0.10415036029393
"430",1144,"4",3.31829021616817,0.117085818240294
"431",1162,"4",2.8117463466886,0.113211565501291
"432",1211,"4",2.76569188784149,0.111244458831929
"433",1230,"4",2.55304554075216,0.11352551831553
"434",1312,"4",3.01639371388271,0.108961315350866
"435",1360,"4",2.97718822297287,0.116350865107037
"436",1367,"4",2.86267316006602,0.112282400050146
"437",1377,"4",3.13115167385772,0.111562154638813
"438",1396,"4",2.97804420637536,0.104049544431965
"439",1402,"4",2.75542118623128,0.118599479092213
"440",1493,"4",2.99207303282912,0.117796839608706
"441",1513,"4",2.95012540910344,0.107079504246138
"442",1554,"4",2.41253562800962,0.116619754687144
"443",1555,"4",3.18008983224288,0.112788646904279
"444",1559,"4",2.83019602094667,0.107625262200123
"445",1576,"4",2.39914489877504,0.114297268931401
"446",1623,"4",2.36090278726755,0.104249481438877
"447",1678,"4",2.3469904026855,0.111642552844447
"448",1763,"4",2.67642179678056,0.106999301756113
"449",1765,"4",2.89554708746616,0.111396670348392
"450",1816,"4",2.85488597229215,0.105821812782533
"451",1827,"4",2.65242811226648,0.114022791780128
"452",1867,"4",2.61691063934064,0.113715533585131
"453",2027,"4",2.14231863880832,0.103527012625274
"454",2066,"4",2.42121329420196,0.10782892523732
"455",2106,"4",2.76914802280876,0.102568781657381
"456",2124,"4",2.98791403167352,0.108466689876093
"457",2234,"4",2.90419489175836,0.0987937307874464
"458",2269,"4",2.94869164803342,0.106706160752094
"459",2274,"4",2.1939556625225,0.104290882911934
"460",2296,"4",2.73332514234365,0.102477367376821
"461",2308,"4",2.94062486647981,0.10929739212879
"462",2338,"4",2.90258754599261,0.112887808859565
"463",2339,"4",2.53138219241008,0.107631496439023
"464",2419,"4",2.64861093316792,0.110868828584594
"465",2607,"4",3.13862391487253,0.116581281319502
"466",2703,"4",2.47415111958827,0.107017488803923
"467",2737,"4",2.39947268899903,0.116009995169033
"468",2847,"4",2.17196196426237,0.108817545807765
"469",2850,"4",2.89915528598123,0.107610219956197
"470",2852,"4",2.68269136937028,0.107808935127968
"471",2859,"4",2.68343438141541,0.105342570165733
"472",2893,"4",2.9143085058145,0.0988852727927956
"473",2997,"4",2.1661056013022,0.103764334754318
"474",3031,"4",3.03952669203348,0.11109686520662
"475",3078,"4",2.57208040572659,0.114841276786824
"476",3110,"4",2.22614566339239,0.102248321863082
"477",3123,"4",2.95759773537787,0.106953461724437
"478",3163,"4",2.24817624067943,0.103681814740434
"479",3185,"4",2.96271013209462,0.10305385568646
"480",3193,"4",2.97261857044884,0.106677324708305
"481",3202,"4",3.01233491200827,0.10503115346492
"482",3252,"4",3.15600741333405,0.110052949338117
"483",3292,"4",2.5432009997387,0.10972535929246
"484",3303,"4",2.89270370685328,0.112007425582406
"485",3339,"4",2.69363515391488,0.109348145322884
"486",3413,"4",2.90024077651995,0.118342486609464
"487",3461,"4",2.4581107068744,0.116428135120089
"488",3469,"4",2.9607734568495,0.108755890512157
"489",3474,"4",3.14250660866806,0.117476272574898
"490",3488,"4",2.40083433008429,0.105607870078047
"491",3553,"4",2.66556116293074,0.111408499993233
"492",3597,"4",2.71903807763989,0.10313358442173
"493",3604,"4",3.47702189614184,0.112929587112085
"494",3618,"4",2.60261286241739,0.115152423156769
"495",3652,"4",2.80085308095274,0.102579752786964
"496",3720,"4",3.49262018368004,0.0996871163014115
"497",3788,"4",2.79664167809978,0.105784358418561
"498",3817,"4",2.67586161269502,0.111009231678283
"499",3838,"4",1.983681849417,0.101509510176627
"500",3920,"4",2.57988845672996,0.10985648487641
"501",32,"5",2.96986085381765,0.111897774695995
"502",68,"5",2.87874944514258,0.109989604367873
"503",81,"5",3.02751332855364,0.104703750288276
"504",157,"5",2.91778121081017,0.104918634322948
"505",175,"5",2.78746022931215,0.104300088833495
"506",198,"5",2.85460980884301,0.110052949338117
"507",209,"5",2.90098706564842,0.10771523402196
"508",211,"5",2.60296308034503,0.10481326113854
"509",226,"5",3.14883665159721,0.102970980721798
"510",243,"5",2.92435580426212,0.111320507760759
"511",346,"5",3.00564130414725,0.105352646280754
"512",415,"5",2.94911254462222,0.109399675986967
"513",431,"5",2.87303400769979,0.109320045352202
"514",458,"5",2.72024328887969,0.105657000918143
"515",489,"5",3.02658638939978,0.111985012217978
"516",603,"5",2.78795294430364,0.113750661151029
"517",621,"5",2.57680076028959,0.110989454978869
"518",705,"5",2.77904510472745,0.121162157757659
"519",771,"5",2.91534106709992,0.113041235817904
"520",815,"5",2.88201402701623,0.104913738753707
"521",818,"5",3.07098420681357,0.104582177822928
"522",821,"5",2.86319597566734,0.112602704853877
"523",902,"5",3.17204908871434,0.104769538554229
"524",972,"5",2.7362698943027,0.109095550191775
"525",1009,"5",2.66012802469983,0.103406355343408
"526",1047,"5",2.73214154713818,0.108252293053547
"527",1064,"5",2.96262036966082,0.098481527721498
"528",1119,"5",3.02504779894695,0.101013780557552
"529",1125,"5",2.4783794246572,0.102310470487085
"530",1144,"5",3.09986248263339,0.108152514749805
"531",1162,"5",2.75337310241259,0.118372574505294
"532",1211,"5",2.84913401727348,0.108312406822358
"533",1230,"5",2.75324433233115,0.111458329183527
"534",1312,"5",2.76330748577966,0.109320045352202
"535",1360,"5",2.7481256045601,0.107811761285416
"536",1367,"5",3.03833459789913,0.108687915209407
"537",1377,"5",2.69773229364049,0.112145868355351
"538",1396,"5",3.10545160421589,0.105196408509572
"539",1402,"5",2.75181034037509,0.114903876455671
"540",1493,"5",2.65960170854193,0.105883002307525
"541",1513,"5",3.02448378184543,0.113785734633724
"542",1554,"5",3.36530080666929,0.10850726545712
"543",1555,"5",2.7287474464512,0.116766543086372
"544",1559,"5",3.0661795075021,0.11029831931819
"545",1576,"5",2.68506144109716,0.102081787283458
"546",1623,"5",3.04314404605193,0.11044053453467
"547",1678,"5",2.61313017447142,0.113152353943072
"548",1763,"5",3.10995489717215,0.11353506415632
"549",1765,"5",2.865684693932,0.112196246011167
"550",1816,"5",2.77175002311249,0.106303481437027
"551",1827,"5",3.0340640568634,0.114973024435375
"552",1867,"5",3.18993315664403,0.107726827596759
"553",2027,"5",2.90104661519786,0.10946829736207
"554",2066,"5",2.7327595624304,0.108177312334046
"555",2106,"5",2.81517919606422,0.110639923795093
"556",2124,"5",3.22436159405553,0.115290328195979
"557",2234,"5",2.98058911276739,0.103018260077421
"558",2269,"5",3.02595918995251,0.106461719191053
"559",2274,"5",3.14236157783104,0.102708902969867
"560",2296,"5",2.77808575075627,0.106835574123994
"561",2308,"5",2.97009362350521,0.10482411382848
"562",2338,"5",3.09088457823363,0.105873697137959
"563",2339,"5",2.7641760113284,0.10449687407504
"564",2419,"5",2.82878317987883,0.102579752786964
"565",2607,"5",2.90704298125725,0.107598573937709
"566",2703,"5",2.86677807292336,0.111377349694274
"567",2737,"5",2.88400844281841,0.112727288426456
"568",2847,"5",2.85282579222553,0.110097649833927
"569",2850,"5",2.99909920614276,0.109843908027955
"570",2852,"5",3.04170295995514,0.103934850131782
"571",2859,"5",2.75328160858967,0.107631496439023
"572",2893,"5",2.68518062483589,0.108557586751918
"573",2997,"5",2.67727511812229,0.114420270733253
"574",3031,"5",2.97676906826393,0.118144795714897
"575",3078,"5",2.69489504931898,0.110569360077105
"576",3110,"5",2.70351731811269,0.111065618031596
"577",3123,"5",2.935760827099,0.107868845433586
"578",3163,"5",2.99410686372897,0.109441140934685
"579",3185,"5",2.6631043298321,0.106652056865995
"580",3193,"5",2.99753726061961,0.112880149408524
"581",3202,"5",2.97858737766318,0.114836472970083
"582",3252,"5",2.98184594601274,0.110032790361203
"583",3292,"5",2.91068934170749,0.11273872224169
"584",3303,"5",2.68169158821875,0.104886569516467
"585",3339,"5",2.79576885394507,0.106340825293481
"586",3413,"5",2.95088891336677,0.10650209331761
"587",3461,"5",2.70733134184956,0.109894060595131
"588",3469,"5",2.73081231367552,0.112549444383821
"589",3474,"5",2.62938019931677,0.11282934346289
"590",3488,"5",3.08774210732197,0.115539761803238
"591",3553,"5",2.46309289359667,0.106862829021623
"592",3597,"5",2.62566831736998,0.108687915209407
"593",3604,"5",2.94794157997302,0.1098210965319
"594",3618,"5",2.56089665272197,0.109793402905482
"595",3652,"5",2.90581376679421,0.106675232009786
"596",3720,"5",2.84073025087976,0.10530277910384
"597",3788,"5",2.9722771987089,0.118911625327402
"598",3817,"5",2.66684491350948,0.104999646335804
"599",3838,"5",2.74055727142566,0.104687934154935
"600",3920,"5",2.97412563156786,0.111806139017319
"601",32,"6",2.32624275515751,0.110252498676086
"602",68,"6",2.07786505572805,0.10899846266054
"603",81,"6",2.61139948037993,0.102511530904651
"604",157,"6",2.33459079190503,0.109987353657227
"605",175,"6",1.97533765666917,0.101069482824357
"606",198,"6",2.26853792990252,0.112246350684933
"607",209,"6",1.98979394430326,0.110590622138673
"608",211,"6",2.61531035543982,0.104816127370219
"609",226,"6",2.61263191326033,0.116828752768534
"610",243,"6",2.25968159424277,0.109885801754068
"611",346,"6",2.47848170214061,0.106751099858768
"612",415,"6",2.51792121890026,0.112559010180386
"613",431,"6",2.07707385005414,0.110264676257312
"614",458,"6",2.1407802603281,0.0973290218141211
"615",489,"6",2.20904961317949,0.107073053792041
"616",603,"6",2.6030713861751,0.121658486447141
"617",621,"6",2.27181454908356,0.107271567813167
"618",705,"6",1.81897893391922,0.109153145183108
"619",771,"6",1.923893570392,0.111733950496618
"620",815,"6",2.26241100039547,0.105367344826326
"621",818,"6",2.33043933230409,0.110987752960325
"622",821,"6",2.28487792705073,0.104801934760341
"623",902,"6",2.63527378066098,0.108831666944395
"624",972,"6",2.3159719487909,0.10777495758687
"625",1009,"6",2.47512361271551,0.110058907580465
"626",1047,"6",2.51498987114646,0.105846659863592
"627",1064,"6",2.51769642014897,0.118291890234554
"628",1119,"6",2.06792131405208,0.109582238339321
"629",1125,"6",2.07052569272219,0.10899846266054
"630",1144,"6",2.06971563508039,0.101329863433074
"631",1162,"6",2.30068002079359,0.104732281022216
"632",1211,"6",2.52812671872058,0.121072227902224
"633",1230,"6",2.3378075458686,0.111045089292726
"634",1312,"6",2.73872313823436,0.0989529731746753
"635",1360,"6",2.34577301360478,0.095305662980151
"636",1367,"6",2.57383302729056,0.103667884788607
"637",1377,"6",2.02052036917978,0.106835574123994
"638",1396,"6",2.76017698252368,0.114240276897867
"639",1402,"6",2.12467388498115,0.112829363525012
"640",1493,"6",2.34283495232126,0.104214826792491
"641",1513,"6",2.21352579747207,0.114884016767099
"642",1554,"6",2.30681304207326,0.109120650713192
"643",1555,"6",2.23859404374457,0.108625601035814
"644",1559,"6",2.40872881253925,0.1034339691025
"645",1576,"6",2.14651046100008,0.101525483225893
"646",1623,"6",2.61721440365891,0.107631496439023
"647",1678,"6",2.5152153452601,0.106917001922767
"648",1763,"6",2.43560636631004,0.108815790412675
"649",1765,"6",2.27501131735752,0.112094759354536
"650",1816,"6",2.06955520432656,0.118781357839702
"651",1827,"6",2.1891066443661,0.11586331895326
"652",1867,"6",2.64150060909579,0.108858710070197
"653",2027,"6",1.8738551386056,0.107412117266658
"654",2066,"6",1.94080096658326,0.112733601171891
"655",2106,"6",2.17023361078442,0.114234233168254
"656",2124,"6",2.71525307752234,0.105261877207243
"657",2234,"6",3.18255034677038,0.101130623140037
"658",2269,"6",2.49476486481544,0.111671708608077
"659",2274,"6",2.65143769554283,0.108735388835291
"660",2296,"6",2.38864957767533,0.116428135120089
"661",2308,"6",2.01180112173583,0.111800062343273
"662",2338,"6",2.81011455507875,0.110561012227457
"663",2339,"6",1.83626290159556,0.103218881401829
"664",2419,"6",2.14512153509901,0.117917990205363
"665",2607,"6",2.50782261225553,0.106068944963367
"666",2703,"6",2.50202143083518,0.113557121531211
"667",2737,"6",2.11131289891985,0.115288919529376
"668",2847,"6",2.31786361966599,0.108721078872214
"669",2850,"6",2.19356835138082,0.0938878596790711
"670",2852,"6",2.69428184353694,0.114332750154271
"671",2859,"6",2.45227596730411,0.106549998134006
"672",2893,"6",2.20525678449553,0.109279960424667
"673",2997,"6",2.41613271098858,0.105821812782533
"674",3031,"6",2.8038409112359,0.102702813663047
"675",3078,"6",2.16567150005318,0.106017364027772
"676",3110,"6",2.4338289871388,0.110168577507113
"677",3123,"6",2.17638611629716,0.100302035796805
"678",3163,"6",2.33355179716242,0.103833151641041
"679",3185,"6",2.29465050638638,0.112686545816159
"680",3193,"6",1.81364490244477,0.107662163122845
"681",3202,"6",2.24241108075487,0.108384176045361
"682",3252,"6",2.04295552676561,0.119358479942437
"683",3292,"6",2.5326883159343,0.10503115346492
"684",3303,"6",2.22123458696995,0.111025295585525
"685",3339,"6",2.47385226991024,0.110223707305172
"686",3413,"6",2.15176860533091,0.107051086592715
"687",3461,"6",2.38779778843744,0.0972169729306128
"688",3469,"6",2.13361681839468,0.109781345800051
"689",3474,"6",2.16654795394508,0.113997282256243
"690",3488,"6",2.0263949530677,0.109387187722697
"691",3553,"6",2.3227713450216,0.116147003191397
"692",3597,"6",2.24408949560779,0.10978313222687
"693",3604,"6",2.4619259971014,0.114468778977172
"694",3618,"6",2.43564330261323,0.104280165337154
"695",3652,"6",2.54042860878339,0.103660116406361
"696",3720,"6",2.20718036316932,0.112112273230556
"697",3788,"6",2.32982487061678,0.11233363860625
"698",3817,"6",2.09129706571369,0.108578385634694
"699",3838,"6",1.6094961512355,0.110847540730704
"700",3920,"6",2.29002383505155,0.107444257677096
"701",32,"7",2.20545042107453,0.104190072026098
"702",68,"7",1.97430318948225,0.110729254417444
"703",81,"7",2.32983533782001,0.107671073990246
"704",157,"7",2.20461310110719,0.102411043630525
"705",175,"7",2.32128705295064,0.104439143788794
"706",198,"7",2.56277039037232,0.107304287659009
"707",209,"7",2.18839616819469,0.105498701924909
"708",211,"7",2.23860346634754,0.101034518259211
"709",226,"7",2.71713455395897,0.113529519615929
"710",243,"7",2.10572850248228,0.108237770288224
"711",346,"7",2.54708049754323,0.112751700240113
"712",415,"7",2.62763694385848,0.112743893366241
"713",431,"7",2.3744691526021,0.103164220321117
"714",458,"7",2.3353903299979,0.108010485909682
"715",489,"7",2.27622655763436,0.103219278701844
"716",603,"7",2.63462534955993,0.108241578208426
"717",621,"7",2.26012904055638,0.106994135076773
"718",705,"7",2.11179897865089,0.107144259195036
"719",771,"7",2.13349394272007,0.111985012217978
"720",815,"7",2.24151205383024,0.105645700528681
"721",818,"7",2.15616082961982,0.102319327266568
"722",821,"7",2.20967805153958,0.113923202398266
"723",902,"7",2.20980812264606,0.108210390462146
"724",972,"7",2.18176020295817,0.108086493543153
"725",1009,"7",2.59070528358259,0.105585069676294
"726",1047,"7",2.55563257158711,0.117410282567945
"727",1064,"7",2.34019242214758,0.109268517464788
"728",1119,"7",2.04260134842497,0.101674223106999
"729",1125,"7",2.29981909841795,0.104742469647602
"730",1144,"7",2.28048941686128,0.109339970627958
"731",1162,"7",2.6232367452041,0.103790933093476
"732",1211,"7",1.99268427188371,0.106447355179377
"733",1230,"7",2.21731220318825,0.110085265399045
"734",1312,"7",2.24143328486608,0.107877261774734
"735",1360,"7",2.1550673818647,0.0971781952492981
"736",1367,"7",2.02826467767265,0.108252282046232
"737",1377,"7",1.9658430477644,0.115361057329482
"738",1396,"7",2.14444489543563,0.109453866175397
"739",1402,"7",2.25617924366722,0.108546685457186
"740",1493,"7",2.10329861239874,0.114647086636018
"741",1513,"7",2.31028930722085,0.104974144037248
"742",1554,"7",2.30304198863181,0.107528435260297
"743",1555,"7",2.36116006179408,0.108748900829112
"744",1559,"7",2.50468627637887,0.108031089614337
"745",1576,"7",2.32496720216168,0.103570151546619
"746",1623,"7",2.3008514892074,0.109622039233202
"747",1678,"7",2.23494633634417,0.112549444383821
"748",1763,"7",2.50839840230125,0.104246898752239
"749",1765,"7",2.23591097259145,0.102153390594597
"750",1816,"7",1.91074189474869,0.110693041246904
"751",1827,"7",1.94778930174013,0.102392037046861
"752",1867,"7",2.30785097467951,0.110356610306426
"753",2027,"7",1.92904060791519,0.106574507885253
"754",2066,"7",2.41919851913562,0.112350792247521
"755",2106,"7",2.63766163397962,0.105397238121754
"756",2124,"7",2.34947619100473,0.112014740506352
"757",2234,"7",2.21824876011381,0.10313358442173
"758",2269,"7",1.99976212421979,0.1121439058445
"759",2274,"7",2.54030756139315,0.115173286241478
"760",2296,"7",1.89783834720421,0.108939879854401
"761",2308,"7",2.22015709750205,0.113547385524802
"762",2338,"7",2.35646623086203,0.105654112398071
"763",2339,"7",1.99390233496095,0.098481527721498
"764",2419,"7",2.30902538538179,0.114842795621679
"765",2607,"7",2.08459799924135,0.10707615603646
"766",2703,"7",2.472134682924,0.102433719473039
"767",2737,"7",2.06623717113195,0.111211072479114
"768",2847,"7",2.35092832731548,0.110833271542764
"769",2850,"7",2.13436192981539,0.109254145999316
"770",2852,"7",2.23652881762805,0.112099068806435
"771",2859,"7",2.32394696099771,0.105910858097583
"772",2893,"7",1.83525875044453,0.109489333336067
"773",2997,"7",2.11060525929885,0.114222471129386
"774",3031,"7",2.50653632235018,0.102865279895699
"775",3078,"7",2.22322230454599,0.11497113147838
"776",3110,"7",2.0412712980994,0.10410334145852
"777",3123,"7",2.0916409049513,0.11117709661766
"778",3163,"7",2.49875450710407,0.109126174949208
"779",3185,"7",2.17359367349901,0.107834209948834
"780",3193,"7",2.28855191993817,0.104751479918351
"781",3202,"7",2.38726154771531,0.102960799433797
"782",3252,"7",2.2199434068603,0.108056934058056
"783",3292,"7",2.69456039347057,0.115664914777971
"784",3303,"7",2.24445780913032,0.100385014734522
"785",3339,"7",2.44818748118502,0.110134937671679
"786",3413,"7",2.17836386472786,0.106533140404014
"787",3461,"7",1.99877130826369,0.108384176045361
"788",3469,"7",2.28658448974528,0.121567894512797
"789",3474,"7",2.35157188820657,0.10911506539726
"790",3488,"7",2.17602863694786,0.116108945397909
"791",3553,"7",2.42666140448951,0.105537805059668
"792",3597,"7",2.12233897817002,0.11906915701734
"793",3604,"7",2.68430667465645,0.106317801694862
"794",3618,"7",2.463596818181,0.114842919535463
"795",3652,"7",2.29258448108145,0.105488767738001
"796",3720,"7",2.45521240024902,0.110281002139813
"797",3788,"7",2.06632293593667,0.102041743492915
"798",3817,"7",2.07584607697111,0.106755016797385
"799",3838,"7",2.29850059993656,0.110941072902045
"800",3920,"7",2.42768506725161,0.111728544465289
"801",32,"8",2.45420355320039,0.108298847636959
"802",68,"8",2.13798047641209,0.108701023559705
"803",81,"8",2.46661567394006,0.10657659355662
"804",157,"8",2.77209650141306,0.0948246254587982
"805",175,"8",2.22082504581693,0.115065494682572
"806",198,"8",2.29117016744199,0.10344390381794
"807",209,"8",2.37459021075502,0.112902918751448
"808",211,"8",2.38600254008339,0.109964383286692
"809",226,"8",2.88333352776442,0.105781090623972
"810",243,"8",2.50505191739213,0.103895142996551
"811",346,"8",2.40627552266339,0.113620993350136
"812",415,"8",2.43707958821853,0.113347208068575
"813",431,"8",2.56640670047297,0.111071701431117
"814",458,"8",1.9815563324752,0.108623232255175
"815",489,"8",2.31761780908702,0.11313294009435
"816",603,"8",2.45442318273164,0.114183405781355
"817",621,"8",2.46805425858444,0.111572542579189
"818",705,"8",2.34087295349348,0.10869811662895
"819",771,"8",2.20627986693802,0.106562450553669
"820",815,"8",2.04528803946109,0.109705712286035
"821",818,"8",1.96220347607242,0.104973734005544
"822",821,"8",2.1369238946455,0.113056580433927
"823",902,"8",2.68292540539071,0.105057289589998
"824",972,"8",2.12519988127763,0.101892206270352
"825",1009,"8",2.32344155947029,0.106661556785536
"826",1047,"8",2.44455496464458,0.103360295649578
"827",1064,"8",2.50363471364423,0.107701739571396
"828",1119,"8",2.31347964535364,0.112328592838902
"829",1125,"8",2.54691204960248,0.102310470487085
"830",1144,"8",2.14450430198962,0.109928362602669
"831",1162,"8",2.7195819518367,0.115807064160808
"832",1211,"8",2.4551559196314,0.110723627082504
"833",1230,"8",2.31557295213086,0.103824763579063
"834",1312,"8",2.64323772298183,0.108507497066571
"835",1360,"8",2.32569776831169,0.105098459559196
"836",1367,"8",2.54621922879109,0.116305618461498
"837",1377,"8",2.20373037494915,0.108212278801781
"838",1396,"8",2.55809641086784,0.110354615664488
"839",1402,"8",2.61092451648854,0.110393503264086
"840",1493,"8",2.69334381866642,0.102922484682251
"841",1513,"8",2.71402458235474,0.105988769354535
"842",1554,"8",2.72126812851485,0.109313670124025
"843",1555,"8",2.13967966896497,0.103826000803107
"844",1559,"8",2.61802811428528,0.107680644260724
"845",1576,"8",2.53449911573195,0.110759055830923
"846",1623,"8",2.39523600644215,0.106615542352925
"847",1678,"8",2.30881280851217,0.11050922547639
"848",1763,"8",2.73207930504606,0.111237708285844
"849",1765,"8",2.33445086114152,0.10378074247357
"850",1816,"8",2.2997940773627,0.115129185101835
"851",1827,"8",2.63303375987607,0.106071794236219
"852",1867,"8",2.63264088331774,0.109458498017876
"853",2027,"8",2.24948681274567,0.110058907580465
"854",2066,"8",2.40177616283661,0.108507497066571
"855",2106,"8",2.44767663110424,0.116694322094701
"856",2124,"8",2.44886269951379,0.115383485154708
"857",2234,"8",2.58290888583853,0.106175825101507
"858",2269,"8",2.61541464326618,0.103307040667648
"859",2274,"8",2.91691326480249,0.109940159010689
"860",2296,"8",2.37574889771086,0.109710386731868
"861",2308,"8",2.11897556838642,0.098270397916699
"862",2338,"8",2.56613503388383,0.0997009557961215
"863",2339,"8",2.29888940649594,0.0992854498427712
"864",2419,"8",2.41934392713733,0.105782755634677
"865",2607,"8",2.34993455245814,0.107936469135494
"866",2703,"8",2.2372874376236,0.106505836891517
"867",2737,"8",2.49580253290602,0.107815453934855
"868",2847,"8",2.34326656420935,0.108010485909682
"869",2850,"8",2.18452296807374,0.111027756366605
"870",2852,"8",2.19595793407407,0.10777495758687
"871",2859,"8",2.40228576757669,0.105128882169304
"872",2893,"8",2.57294710860084,0.108476230754791
"873",2997,"8",1.99463239978542,0.107266842743315
"874",3031,"8",3.00483917754242,0.113022018088392
"875",3078,"8",2.35016779964365,0.112733601171891
"876",3110,"8",2.33083807129456,0.110989205359949
"877",3123,"8",2.20920749137868,0.102876125452259
"878",3163,"8",2.4295943092313,0.11860960119023
"879",3185,"8",2.73765116861336,0.108368578924673
"880",3193,"8",2.32970804577002,0.101548726089404
"881",3202,"8",2.53544440597667,0.111397122204125
"882",3252,"8",2.16104484102764,0.111027781550031
"883",3292,"8",2.3699134566005,0.111516871014041
"884",3303,"8",2.01246277023995,0.105812053302661
"885",3339,"8",2.61607661666757,0.110240173008706
"886",3413,"8",2.26785161514882,0.105990357838846
"887",3461,"8",2.45634217170355,0.106815188470867
"888",3469,"8",2.50407475142749,0.111408499993233
"889",3474,"8",2.39294173640588,0.103764292440581
"890",3488,"8",2.74775153104006,0.113137124408009
"891",3553,"8",2.67487051783039,0.104834760349662
"892",3597,"8",2.11949365238686,0.106205812507158
"893",3604,"8",2.6529655711395,0.101037786029382
"894",3618,"8",2.89187592249065,0.106529163845143
"895",3652,"8",2.08931380018263,0.106720398539698
"896",3720,"8",2.52285815332423,0.110025847756038
"897",3788,"8",2.39130600091879,0.112849469629568
"898",3817,"8",2.35467194292532,0.108912679637868
"899",3838,"8",2.14891540974889,0.113844526087032
"900",3920,"8",2.65032379166958,0.107011230087266
"901",32,"9",1.72656345005585,0.110040289543136
"902",68,"9",1.64829645747157,0.107073736087239
"903",81,"9",2.50781687586036,0.101377134254433
"904",157,"9",2.0826819403265,0.112885201833048
"905",175,"9",1.9844185308118,0.107382793369471
"906",198,"9",2.23273805400848,0.110000289933912
"907",209,"9",2.20270253214109,0.112028805682614
"908",211,"9",2.40651109290191,0.107621403566838
"909",226,"9",2.32231487960716,0.116774082484966
"910",243,"9",1.89883307157049,0.11355418925459
"911",346,"9",2.11466969963454,0.113707223505141
"912",415,"9",2.12151051592534,0.104018427614485
"913",431,"9",2.28138581838658,0.110438471840207
"914",458,"9",1.93450121785199,0.104900782185424
"915",489,"9",1.98764707064195,0.109158485312886
"916",603,"9",2.39358769387877,0.110417126040981
"917",621,"9",2.10051148879925,0.111895026692017
"918",705,"9",2.2003416267047,0.11342515543085
"919",771,"9",1.83772611146677,0.105845232608223
"920",815,"9",2.05321181322773,0.113176070376518
"921",818,"9",2.19299070591993,0.106174696848837
"922",821,"9",1.91312955678611,0.109834279498007
"923",902,"9",2.11389342036159,0.103957569388144
"924",972,"9",2.24123157445281,0.117410282567945
"925",1009,"9",1.89962789381181,0.110707770372541
"926",1047,"9",2.12929805865654,0.10350136292308
"927",1064,"9",1.86742698824796,0.109077410183841
"928",1119,"9",1.96572528429535,0.109812915345396
"929",1125,"9",1.93913558385409,0.100219060001028
"930",1144,"9",1.88342585105578,0.107926347647372
"931",1162,"9",2.26394070107312,0.102960799433797
"932",1211,"9",2.13051442669435,0.115539761803238
"933",1230,"9",2.07392369172754,0.110032790361203
"934",1312,"9",2.36818967908965,0.107936469135494
"935",1360,"9",1.85272102694072,0.109794829748917
"936",1367,"9",2.38405229202658,0.106095252748085
"937",1377,"9",2.1209620644456,0.112161152452226
"938",1396,"9",2.04747749273303,0.10803042626331
"939",1402,"9",1.96725959408469,0.106999301756113
"940",1493,"9",2.22466296274159,0.109130729060701
"941",1513,"9",2.37374699640042,0.111771987959701
"942",1554,"9",2.00058878082796,0.108009575967298
"943",1555,"9",1.87306718288544,0.10599355088441
"944",1559,"9",1.75398759118679,0.102801587133367
"945",1576,"9",2.0789973280037,0.105498701924909
"946",1623,"9",2.23877552421977,0.107634746786429
"947",1678,"9",1.7709212895075,0.110747914656008
"948",1763,"9",2.18630798096158,0.107740118704333
"949",1765,"9",2.10381580348712,0.10196841139068
"950",1816,"9",2.17182298160954,0.106377034885917
"951",1827,"9",2.05791017073716,0.107889886456628
"952",1867,"9",2.02222224998254,0.113112594622052
"953",2027,"9",2.00686389142434,0.0984666574214631
"954",2066,"9",1.88482026031671,0.111985012217978
"955",2106,"9",2.16808690958167,0.109675722084452
"956",2124,"9",2.13311398334615,0.109540945064632
"957",2234,"9",2.30662270202589,0.105602512905324
"958",2269,"9",2.17133910153225,0.107586226446499
"959",2274,"9",2.41369813000057,0.112342927515353
"960",2296,"9",2.09676563325175,0.116936629370411
"961",2308,"9",1.82655526017889,0.109037463998227
"962",2338,"9",1.99411646837436,0.104693241906786
"963",2339,"9",2.14938571853152,0.10872049599768
"964",2419,"9",1.99136197491753,0.107893321418705
"965",2607,"9",2.28220595793203,0.105762110436072
"966",2703,"9",1.99380126709987,0.102865279895699
"967",2737,"9",1.89486660063232,0.115144241796636
"968",2847,"9",1.9987985407699,0.11906915701734
"969",2850,"9",1.90504376161927,0.109320045352202
"970",2852,"9",2.04494018695271,0.1163355860603
"971",2859,"9",1.94393172421533,0.110004996512899
"972",2893,"9",1.75670851113594,0.109046992324939
"973",2997,"9",1.93189267891017,0.0983012785349762
"974",3031,"9",2.12617117493854,0.111025295585525
"975",3078,"9",2.10116439561654,0.113320743454639
"976",3110,"9",1.96108809352735,0.108123717503497
"977",3123,"9",1.92763865977893,0.113247171843693
"978",3163,"9",1.78863880476647,0.11113007861451
"979",3185,"9",2.02391956404503,0.101309686815022
"980",3193,"9",2.08559251214679,0.108623232255175
"981",3202,"9",1.92357201088701,0.100320268114311
"982",3252,"9",2.0173086215564,0.110753747950318
"983",3292,"9",2.43340255017577,0.104151924196376
"984",3303,"9",2.07804784244601,0.104123506495112
"985",3339,"9",2.22630302954002,0.104672243301719
"986",3413,"9",2.06458117684298,0.112018080648082
"987",3461,"9",2.00489731046591,0.109741875608122
"988",3469,"9",2.06984033867504,0.1085329995592
"989",3474,"9",1.96949053582356,0.113477985335941
"990",3488,"9",2.4785733563995,0.114468778977172
"991",3553,"9",2.30215252018424,0.107011230087266
"992",3597,"9",2.26659047974312,0.10909334597691
"993",3604,"9",2.16439320941655,0.104249481438877
"994",3618,"9",2.26788576208724,0.10588555864912
"995",3652,"9",2.07238945001887,0.111159241531599
"996",3720,"9",1.8708489344328,0.108274930999112
"997",3788,"9",2.13222287187153,0.109582238339321
"998",3817,"9",2.05825089836831,0.119285664751909
"999",3838,"9",2.27624672741703,0.1097545241874
"1000",3920,"9",2.05772526007248,0.113239820932646
"1001",32,"10",2.41525600772249,0.0986942223145612
"1002",68,"10",1.9993222315901,0.118516860670413
"1003",81,"10",2.48059541998917,0.109166852349258
"1004",157,"10",2.56752375383368,0.111065411855063
"1005",175,"10",2.59473370093282,0.106447459175105
"1006",198,"10",2.78207508475018,0.0998899939637763
"1007",209,"10",2.50031420323297,0.102769797013748
"1008",211,"10",2.50968391835211,0.101263516652413
"1009",226,"10",2.45001079018462,0.103286849154945
"1010",243,"10",2.09517604602989,0.109077500277062
"1011",346,"10",2.27395973927273,0.108918829633456
"1012",415,"10",2.44927731981527,0.10987524439022
"1013",431,"10",2.3937342803231,0.106137542477852
"1014",458,"10",2.13713869860893,0.114595734954514
"1015",489,"10",2.55681013397855,0.11588412936475
"1016",603,"10",2.72051214166902,0.103227410776471
"1017",621,"10",2.54196162145985,0.110849723429228
"1018",705,"10",2.70287274969812,0.110760826153631
"1019",771,"10",2.43038986626829,0.112934182954479
"1020",815,"10",2.15522070654943,0.0989913281707394
"1021",818,"10",2.5008917306196,0.103131909568671
"1022",821,"10",2.24211547536358,0.109990290851057
"1023",902,"10",2.27575702015802,0.0975815658655719
"1024",972,"10",2.34980354204136,0.107467719017746
"1025",1009,"10",2.59224187747129,0.109377709102048
"1026",1047,"10",2.49816864189951,0.104268750912151
"1027",1064,"10",2.66886325194471,0.116108945397909
"1028",1119,"10",2.60535867402281,0.106486398372264
"1029",1125,"10",2.29164140203891,0.113018051519953
"1030",1144,"10",2.21821663912058,0.105143984976013
"1031",1162,"10",2.72525381611927,0.107774326155187
"1032",1211,"10",1.92951776254597,0.109528416763485
"1033",1230,"10",2.06826451140032,0.107095548366235
"1034",1312,"10",2.70586833045374,0.103786247683663
"1035",1360,"10",2.10698657723089,0.114276807436549
"1036",1367,"10",2.66543111841786,0.0984400390357983
"1037",1377,"10",2.55711896091133,0.10160279398362
"1038",1396,"10",2.49653338051696,0.105427792650044
"1039",1402,"10",2.38179794029026,0.108538520947127
"1040",1493,"10",2.30783936378223,0.114328217975072
"1041",1513,"10",2.75355789002739,0.104672243301719
"1042",1554,"10",2.34733793410411,0.106142815775767
"1043",1555,"10",2.20385957683956,0.102579752786964
"1044",1559,"10",2.63038415564888,0.105297460919621
"1045",1576,"10",2.63035383279614,0.103532784342278
"1046",1623,"10",2.87352177148417,0.104243178894834
"1047",1678,"10",2.35137210181894,0.105537805059668
"1048",1763,"10",2.65507358507091,0.104937010112258
"1049",1765,"10",2.48800183108722,0.103429566829901
"1050",1816,"10",2.22224058950819,0.116604292060302
"1051",1827,"10",2.67089452060657,0.101931897317959
"1052",1867,"10",2.70370978572053,0.112507909892737
"1053",2027,"10",2.12710729212726,0.112211308487987
"1054",2066,"10",2.68687291890685,0.111748591181983
"1055",2106,"10",2.69385698528097,0.107680472566654
"1056",2124,"10",2.84885153529175,0.114727573880093
"1057",2234,"10",2.74368845262734,0.111042134745855
"1058",2269,"10",2.41660364273512,0.11244265759566
"1059",2274,"10",2.7373964598675,0.112344942145004
"1060",2296,"10",2.28513387162119,0.101508688142576
"1061",2308,"10",2.5119513572402,0.109722667820181
"1062",2338,"10",2.50340071069756,0.106783609905806
"1063",2339,"10",2.66153806313081,0.115277120172283
"1064",2419,"10",2.58737276988475,0.1121439058445
"1065",2607,"10",2.53912400750037,0.108026516704044
"1066",2703,"10",2.26824067081118,0.108056934058056
"1067",2737,"10",2.51930043732988,0.116176517524663
"1068",2847,"10",2.30553595110275,0.114978665279485
"1069",2850,"10",2.21336083759625,0.106187657634558
"1070",2852,"10",2.28536979499709,0.109676040492638
"1071",2859,"10",2.67155798499394,0.109781345800051
"1072",2893,"10",2.35053949305706,0.108223319772007
"1073",2997,"10",2.69289074646779,0.117226071337161
"1074",3031,"10",2.9884902560576,0.10764112944767
"1075",3078,"10",2.75614424267541,0.108274930999112
"1076",3110,"10",2.15536041609758,0.114041303935974
"1077",3123,"10",2.46372686773601,0.111891013407168
"1078",3163,"10",2.50109014538232,0.110344128568029
"1079",3185,"10",2.40145387714275,0.109207803228184
"1080",3193,"10",2.1850405679768,0.108883259171468
"1081",3202,"10",2.42110374489978,0.106953954748114
"1082",3252,"10",2.57050015813432,0.11623167988219
"1083",3292,"10",2.52428210723644,0.116460783048854
"1084",3303,"10",2.41107078874155,0.100562647719914
"1085",3339,"10",2.51011698214727,0.101366421890133
"1086",3413,"10",2.71648126219427,0.109874685560546
"1087",3461,"10",2.89012687166324,0.108335071319767
"1088",3469,"10",2.58490737186077,0.112859355039737
"1089",3474,"10",2.63101794794984,0.1104927911176
"1090",3488,"10",2.55319365956388,0.103636102017361
"1091",3553,"10",2.45608455015637,0.117557984876304
"1092",3597,"10",2.37957511008403,0.111912530146257
"1093",3604,"10",2.91751779692538,0.10920149594068
"1094",3618,"10",2.39117889111115,0.106782150569026
"1095",3652,"10",2.82445884394172,0.114008786819896
"1096",3720,"10",2.58614711941196,0.110134937671679
"1097",3788,"10",2.28297870373872,0.102783573951725
"1098",3817,"10",2.39895104707366,0.101805351328072
"1099",3838,"10",2.37371798458944,0.105009947444097
"1100",3920,"10",2.54551986294751,0.105498701924909
"1101",32,"11",1.88164193451113,0.111072809605619
"1102",68,"11",1.84450959488751,0.111350678867022
"1103",81,"11",1.99282199818058,0.104749936154327
"1104",157,"11",2.32288895433118,0.102909366568942
"1105",175,"11",1.91085225869405,0.109197146434674
"1106",198,"11",1.8465409526152,0.112751700240113
"1107",209,"11",2.1934636451391,0.0993815960999286
"1108",211,"11",2.28120410216712,0.117466334259612
"1109",226,"11",2.16840720627923,0.114573120276295
"1110",243,"11",2.16659891711674,0.107158700754663
"1111",346,"11",2.09415215240286,0.108454217400242
"1112",415,"11",2.1769066362749,0.104722303237379
"1113",431,"11",2.68322036305752,0.107931409005887
"1114",458,"11",2.12368100313267,0.10242103217733
"1115",489,"11",2.25416627611219,0.109793108878593
"1116",603,"11",2.26729803835135,0.1104927911176
"1117",621,"11",2.10747754889754,0.098935114344214
"1118",705,"11",2.3336668907777,0.110573105757588
"1119",771,"11",2.20098113407675,0.103599802683773
"1120",815,"11",2.22448359675135,0.102922484682251
"1121",818,"11",1.96457369404014,0.10755123810722
"1122",821,"11",2.03595935555263,0.101525483225893
"1123",902,"11",2.19001346772944,0.106993807782276
"1124",972,"11",1.96094064548911,0.104582177822928
"1125",1009,"11",2.20834464490442,0.104253901744698
"1126",1047,"11",2.30472176018559,0.113923202398266
"1127",1064,"11",2.10080190708426,0.101416388573799
"1128",1119,"11",2.06370327972632,0.103509318328788
"1129",1125,"11",1.93495259824857,0.104297311511818
"1130",1144,"11",1.6181832835666,0.105427792650044
"1131",1162,"11",2.56012144954312,0.114742303650087
"1132",1211,"11",2.11006186173624,0.108062562411595
"1133",1230,"11",2.50937398681437,0.100229913481977
"1134",1312,"11",2.22159927648929,0.10707615603646
"1135",1360,"11",1.92999481067312,0.103131909568671
"1136",1367,"11",2.14664126474006,0.111736103677083
"1137",1377,"11",2.10809192234072,0.109358119796346
"1138",1396,"11",2.0219439998366,0.112012421482627
"1139",1402,"11",1.92627816924852,0.104126318519962
"1140",1493,"11",2.00665004297873,0.10753312612141
"1141",1513,"11",2.03409355449832,0.114796981080757
"1142",1554,"11",2.35990077225678,0.111642552844447
"1143",1555,"11",1.98877556570689,0.108466689876093
"1144",1559,"11",2.06220466348029,0.105847044093766
"1145",1576,"11",2.28802316837585,0.105498701924909
"1146",1623,"11",2.31856791141123,0.118342486609464
"1147",1678,"11",1.93416619690359,0.112075542145645
"1148",1763,"11",2.31806410347223,0.102358618494443
"1149",1765,"11",2.20291510773583,0.106486398372264
"1150",1816,"11",2.41930469793919,0.109350062287998
"1151",1827,"11",2.03245099941915,0.113412382359279
"1152",1867,"11",2.39183103641696,0.100226630021932
"1153",2027,"11",2.09365438514304,0.108721603215067
"1154",2066,"11",2.01405864410631,0.112395795676928
"1155",2106,"11",2.15650365076925,0.10753312612141
"1156",2124,"11",2.19692309280552,0.119104821345156
"1157",2234,"11",1.98013450013312,0.113998358593372
"1158",2269,"11",2.08765148929497,0.10909334597691
"1159",2274,"11",2.47695372680666,0.115816963752475
"1160",2296,"11",2.22342715934713,0.118516860670413
"1161",2308,"11",2.19812361869062,0.10477698387378
"1162",2338,"11",2.19287618553106,0.10822637135832
"1163",2339,"11",2.33556171021883,0.111824061682816
"1164",2419,"11",2.01206226309407,0.105519633326822
"1165",2607,"11",2.12732481755596,0.112903656829041
"1166",2703,"11",2.22037068270891,0.109134727810388
"1167",2737,"11",2.0589242007069,0.112929587112085
"1168",2847,"11",2.48904795098335,0.107513305006786
"1169",2850,"11",1.97836620329227,0.107634746786429
"1170",2852,"11",2.160493680397,0.101805351328072
"1171",2859,"11",2.19689540902456,0.113715533585131
"1172",2893,"11",2.17303972474825,0.109418222072738
"1173",2997,"11",2.24968824265299,0.104190072026098
"1174",3031,"11",1.71171433697945,0.111193110299615
"1175",3078,"11",2.24304860179818,0.107710940929052
"1176",3110,"11",2.06132991889238,0.112730396286311
"1177",3123,"11",2.02991761650665,0.108172131854091
"1178",3163,"11",2.54189168538599,0.105633597311359
"1179",3185,"11",2.18267443530639,0.111671708608077
"1180",3193,"11",2.24602006004825,0.105315298907468
"1181",3202,"11",2.06296580531009,0.102368635301919
"1182",3252,"11",2.07936472507951,0.107186680454028
"1183",3292,"11",1.90785054527038,0.113247171843693
"1184",3303,"11",1.89161939192601,0.11058218411993
"1185",3339,"11",2.48173832527187,0.109175622042047
"1186",3413,"11",2.44917943099064,0.113648696421874
"1187",3461,"11",2.14014832007554,0.105407196156212
"1188",3469,"11",2.31722819717609,0.113010073538184
"1189",3474,"11",2.0094051840011,0.116146168737595
"1190",3488,"11",2.13656088759331,0.103937677321669
"1191",3553,"11",2.0332606476749,0.106508493220409
"1192",3597,"11",2.00744575076367,0.106971203512206
"1193",3604,"11",2.41602370682073,0.102658499233421
"1194",3618,"11",2.15129116411058,0.105844298226017
"1195",3652,"11",2.3729812400656,0.114715202207767
"1196",3720,"11",2.33362319880089,0.11342515543085
"1197",3788,"11",2.12662550532142,0.104138550323224
"1198",3817,"11",2.01596863438228,0.105560716872197
"1199",3838,"11",2.13543944212405,0.108890293254194
"1200",3920,"11",2.21986216888566,0.0988951147322056
"1201",32,"12",2.15846789403493,0.10449687407504
"1202",68,"12",1.80354163151867,0.111075105739227
"1203",81,"12",2.88698920535176,0.104693241906786
"1204",157,"12",2.51611580826506,0.109077500277062
"1205",175,"12",2.16048801789397,0.115536836694708
"1206",198,"12",2.83961347391847,0.106238639168541
"1207",209,"12",2.330287742711,0.111814245368845
"1208",211,"12",2.46284840303692,0.106905026370698
"1209",226,"12",2.28732554492926,0.113844526087032
"1210",243,"12",2.77507112768441,0.107636826236124
"1211",346,"12",3.05486797281494,0.101508688142576
"1212",415,"12",2.90571283136008,0.110819986257426
"1213",431,"12",2.32614235709211,0.103838072749774
"1214",458,"12",2.54063683567658,0.113706652443439
"1215",489,"12",2.92262325781029,0.104190777918363
"1216",603,"12",2.43991854712048,0.109437482735922
"1217",621,"12",2.70629735803886,0.111897774695995
"1218",705,"12",2.89481111308118,0.115403999241054
"1219",771,"12",1.69102604648031,0.112160078685555
"1220",815,"12",2.47977263344902,0.103679742591928
"1221",818,"12",2.10954869781037,0.110417126040981
"1222",821,"12",2.03061953835991,0.0984748510076996
"1223",902,"12",2.43352232584294,0.109483654770817
"1224",972,"12",2.44494877742828,0.103636170410683
"1225",1009,"12",2.5264461579064,0.10550442636187
"1226",1047,"12",2.41910865040106,0.102847651457785
"1227",1064,"12",2.78225164139129,0.10874412363063
"1228",1119,"12",2.22660738944283,0.102801587133367
"1229",1125,"12",3.27752613886008,0.0980764177537898
"1230",1144,"12",1.89601437595816,0.100499512052063
"1231",1162,"12",2.13898105600945,0.116146168737595
"1232",1211,"12",2.70734733932888,0.109166852349258
"1233",1230,"12",2.69355970643458,0.11170442969438
"1234",1312,"12",2.33724529909324,0.109153145183108
"1235",1360,"12",2.35814534710481,0.10859752135796
"1236",1367,"12",2.29229809847103,0.102539107442672
"1237",1377,"12",2.6498619107783,0.111097910507374
"1238",1396,"12",2.6709913815574,0.108045993414542
"1239",1402,"12",3.07280915734272,0.111985012217978
"1240",1493,"12",3.08249370498868,0.110040289543136
"1241",1513,"12",2.09512963551577,0.108446259150147
"1242",1554,"12",2.86519676572298,0.108623442698058
"1243",1555,"12",2.38164618238827,0.110482965762228
"1244",1559,"12",2.5580004410962,0.112073254982352
"1245",1576,"12",2.381505184415,0.110761402976097
"1246",1623,"12",2.49689149742629,0.109821232345184
"1247",1678,"12",2.61491623656035,0.108628950276074
"1248",1763,"12",3.09074658256004,0.115984015362663
"1249",1765,"12",3.22461596445869,0.10760625664758
"1250",1816,"12",2.38357901200509,0.11615674068695
"1251",1827,"12",1.97408569187734,0.113551199219288
"1252",1867,"12",2.46775210796047,0.110762966612065
"1253",2027,"12",2.76256429718514,0.11383623376037
"1254",2066,"12",2.22442590000202,0.108197670470816
"1255",2106,"12",1.75508614695799,0.103330807181791
"1256",2124,"12",2.86048719927338,0.109238146324952
"1257",2234,"12",2.66930417775873,0.111701621096496
"1258",2269,"12",2.62169206066031,0.117270949418204
"1259",2274,"12",2.67198666741257,0.105310792492844
"1260",2296,"12",3.09923773589226,0.100376089059568
"1261",2308,"12",3.86204781168466,0.110081827639393
"1262",2338,"12",2.42979672531794,0.113016619152828
"1263",2339,"12",2.8440913310281,0.103124736191502
"1264",2419,"12",2.3919297174689,0.107506336725509
"1265",2607,"12",2.38810054759714,0.105402377969025
"1266",2703,"12",2.75390950902922,0.102015483920108
"1267",2737,"12",2.6388001146387,0.114500558611452
"1268",2847,"12",2.71115387493377,0.107231827118768
"1269",2850,"12",1.54901976885595,0.110963142838989
"1270",2852,"12",2.89382101094065,0.104726032738634
"1271",2859,"12",2.90872713726254,0.107048389724024
"1272",2893,"12",3.1136196891305,0.0996765128162786
"1273",2997,"12",1.97358638386554,0.110185519206371
"1274",3031,"12",2.85693990777306,0.11081645762329
"1275",3078,"12",2.09921004210359,0.103739524258643
"1276",3110,"12",2.48067733732252,0.117510268822276
"1277",3123,"12",2.20597867178158,0.112350792247521
"1278",3163,"12",3.00226520393692,0.100711809773432
"1279",3185,"12",2.42633849076479,0.115160857169956
"1280",3193,"12",2.70589903386391,0.105397238121754
"1281",3202,"12",2.1584550163624,0.1090677206075
"1282",3252,"12",2.26352064514809,0.105539984813995
"1283",3292,"12",2.54172910587059,0.101738327337281
"1284",3303,"12",2.46831120291911,0.104685207003469
"1285",3339,"12",2.85324638732821,0.100562647719914
"1286",3413,"12",2.38599086172015,0.108077925556934
"1287",3461,"12",2.46320813016225,0.099925295731135
"1288",3469,"12",2.51126634893691,0.119133629471915
"1289",3474,"12",3.12308689147731,0.106971203512206
"1290",3488,"12",3.14761899148299,0.110856786354051
"1291",3553,"12",2.59570915596278,0.102395387231617
"1292",3597,"12",2.66416152525984,0.10751036970679
"1293",3604,"12",3.20618985848788,0.106935226062306
"1294",3618,"12",3.39785473976605,0.105488767738001
"1295",3652,"12",3.01218632341376,0.105003072276001
"1296",3720,"12",2.99081092222829,0.114978665279485
"1297",3788,"12",2.37632758934811,0.102400866199686
"1298",3817,"12",3.12153681416146,0.108574913364403
"1299",3838,"12",2.08224992181059,0.114500558611452
"1300",3920,"12",2.5708415852683,0.0990217102463851
"1301",32,"13",2.90067987983593,0.107931409005887
"1302",68,"13",3.08526651784458,0.113313772641438
"1303",81,"13",2.93674089786394,0.117754042160061
"1304",157,"13",3.29074325051614,0.107646425145351
"1305",175,"13",2.68103377631513,0.11453122735398
"1306",198,"13",2.80503656767041,0.115969498036354
"1307",209,"13",2.6402806116496,0.104832695399124
"1308",211,"13",2.76487952753496,0.106892468073626
"1309",226,"13",2.82698454117972,0.105847044093766
"1310",243,"13",3.09137907246245,0.11343145402438
"1311",346,"13",3.34771987929629,0.108737889868869
"1312",415,"13",2.91093150630912,0.103809113201209
"1313",431,"13",3.09904568413659,0.108137721751326
"1314",458,"13",2.34501947256953,0.112217562143647
"1315",489,"13",2.97217988917218,0.113811965794388
"1316",603,"13",2.5885739469037,0.115253432308548
"1317",621,"13",2.85482286451074,0.102909366568942
"1318",705,"13",2.96380608857757,0.108033858962992
"1319",771,"13",2.71490632193074,0.108666334691005
"1320",815,"13",3.74615225721951,0.109339970627958
"1321",818,"13",3.46529926069701,0.116774082484966
"1322",821,"13",2.95953227952845,0.110018202990554
"1323",902,"13",2.70196953589856,0.104820478403651
"1324",972,"13",3.2253973185107,0.11453122735398
"1325",1009,"13",3.00657660487965,0.103380750715437
"1326",1047,"13",2.91747390378276,0.118291890234554
"1327",1064,"13",3.0456194923015,0.101498699544129
"1328",1119,"13",3.64026819409647,0.108285789969813
"1329",1125,"13",3.10379249634558,0.108473349153047
"1330",1144,"13",3.27366795494602,0.101416388573799
"1331",1162,"13",2.32224051527815,0.111379473244421
"1332",1211,"13",3.23457169315293,0.10479637501918
"1333",1230,"13",2.7538357474385,0.10666854093012
"1334",1312,"13",2.94432766565233,0.11471053545282
"1335",1360,"13",2.38757305677772,0.104468614251943
"1336",1367,"13",2.83700942456672,0.115716416351403
"1337",1377,"13",3.05055444864049,0.106622118833028
"1338",1396,"13",3.3110725957473,0.114278017521417
"1339",1402,"13",3.29019672224174,0.108890293254194
"1340",1493,"13",3.42045235343428,0.108364168300975
"1341",1513,"13",3.10753659665763,0.107240841796583
"1342",1554,"13",3.07933779637071,0.103796609520178
"1343",1555,"13",3.17771830896569,0.106398549309431
"1344",1559,"13",3.08663727724784,0.112547459084598
"1345",1576,"13",3.26386766975966,0.10967300242001
"1346",1623,"13",2.91304909535159,0.108647924250891
"1347",1678,"13",2.60653178891241,0.109770558354872
"1348",1763,"13",3.37051170127756,0.117245808425439
"1349",1765,"13",3.09277163086873,0.107811072669077
"1350",1816,"13",2.84953748693887,0.109320045352202
"1351",1827,"13",3.50504009813939,0.106751099858768
"1352",1867,"13",3.22647031764597,0.113727610380437
"1353",2027,"13",3.36364769101106,0.102324669666652
"1354",2066,"13",2.32748609717639,0.112889544475028
"1355",2106,"13",2.93755862946804,0.112031977680118
"1356",2124,"13",3.51133592573843,0.107649872557699
"1357",2234,"13",3.4016962104555,0.113898173945264
"1358",2269,"13",2.80347695093067,0.10696522541884
"1359",2274,"13",2.89908178855612,0.108164073196752
"1360",2296,"13",2.98189629550691,0.10888981045813
"1361",2308,"13",3.27612654647566,0.10576851318482
"1362",2338,"13",2.65963715142169,0.101532499078134
"1363",2339,"13",3.1444500453948,0.111283414915339
"1364",2419,"13",2.58369987879788,0.115433411183976
"1365",2607,"13",3.15836198293121,0.110185519206371
"1366",2703,"13",2.98514742953548,0.109353503706128
"1367",2737,"13",2.73705615016489,0.112913401292137
"1368",2847,"13",2.89539746372933,0.104324340292436
"1369",2850,"13",2.78207375078785,0.110400001109051
"1370",2852,"13",2.70509292191566,0.110628564096634
"1371",2859,"13",3.21531644329205,0.114090319979517
"1372",2893,"13",2.85963684467335,0.111891013407168
"1373",2997,"13",3.07041007324763,0.111729410767766
"1374",3031,"13",3.21593166969128,0.106314145491492
"1375",3078,"13",2.41929938901328,0.112751700240113
"1376",3110,"13",3.03927417926138,0.10406992410644
"1377",3123,"13",2.33584135282969,0.109235710199515
"1378",3163,"13",2.68061083819217,0.108597665034318
"1379",3185,"13",2.43607552624906,0.105210878725413
"1380",3193,"13",2.85723518526947,0.103024306025014
"1381",3202,"13",3.09147465562528,0.107512496156981
"1382",3252,"13",3.81382289696683,0.11343145402438
"1383",3292,"13",2.7626736076761,0.114487968832549
"1384",3303,"13",2.6100530033647,0.109264944582973
"1385",3339,"13",2.28901725167763,0.116910611591886
"1386",3413,"13",3.00152981710687,0.100799604326792
"1387",3461,"13",2.54992275525399,0.110403611341148
"1388",3469,"13",2.40434685400264,0.0997466905235378
"1389",3474,"13",2.9369248263179,0.113253359343981
"1390",3488,"13",3.49773054423416,0.107774326155187
"1391",3553,"13",3.14938216994693,0.110901445575797
"1392",3597,"13",2.51960154289024,0.110888340734022
"1393",3604,"13",2.99619655457977,0.108944953197275
"1394",3618,"13",2.88387126824004,0.109388985771199
"1395",3652,"13",3.25497299850807,0.108409014046482
"1396",3720,"13",3.31700244653566,0.110392200110015
"1397",3788,"13",3.19813753696975,0.110543958704619
"1398",3817,"13",3.19616440425031,0.114569379566034
"1399",3838,"13",3.34607209307649,0.108481905150213
"1400",3920,"13",3.04737862502518,0.101748200186711
"1401",32,"14",3.69935121891078,0.115026572843404
"1402",68,"14",2.246409606364,0.111116154301474
"1403",81,"14",2.46890394011979,0.106095169809429
"1404",157,"14",2.79374017441633,0.108476145863428
"1405",175,"14",2.51442424269586,0.104742469647602
"1406",198,"14",4.16144689261653,0.0985310654283429
"1407",209,"14",2.9683747233849,0.116047186697825
"1408",211,"14",2.24897571955707,0.107074839956153
"1409",226,"14",3.21540023337373,0.113621214715706
"1410",243,"14",3.01999124568831,0.103838072749774
"1411",346,"14",3.12422045530029,0.106574507885253
"1412",415,"14",2.17347802380629,0.110827293415649
"1413",431,"14",2.17847143836092,0.111798659307203
"1414",458,"14",2.59696310768861,0.111733950496618
"1415",489,"14",3.03055061659636,0.0992854498427712
"1416",603,"14",2.86466931342799,0.101256781108967
"1417",621,"14",2.02355105640508,0.111690364884666
"1418",705,"14",3.35255123109106,0.0993308259517655
"1419",771,"14",3.0442702853728,0.103891264400748
"1420",815,"14",1.73779392192818,0.112699648444066
"1421",818,"14",1.90031868780569,0.110573105757588
"1422",821,"14",2.90965442245764,0.110295770943482
"1423",902,"14",2.8743751876299,0.109172846045957
"1424",972,"14",3.24357136776275,0.102433719473039
"1425",1009,"14",2.46385003085969,0.0995445445863664
"1426",1047,"14",2.8277163469993,0.104832695399124
"1427",1064,"14",3.90908294320131,0.107774326155187
"1428",1119,"14",2.92104824365719,0.104344875609192
"1429",1125,"14",2.92207615606562,0.113135589544611
"1430",1144,"14",2.46440894440692,0.110119083557873
"1431",1162,"14",2.68679527527706,0.107842128037605
"1432",1211,"14",2.55951258372117,0.111984596308613
"1433",1230,"14",2.29183372411023,0.1109570622265
"1434",1312,"14",3.9295329860765,0.108171451362822
"1435",1360,"14",2.53523725223527,0.111750303785338
"1436",1367,"14",2.9385654311116,0.105275570986595
"1437",1377,"14",2.88492989905093,0.106811237313891
"1438",1396,"14",3.47073714769013,0.107636826236124
"1439",1402,"14",2.79227857529557,0.106555485538486
"1440",1493,"14",2.63284060246415,0.108825049493801
"1441",1513,"14",2.59358927976187,0.114265150534179
"1442",1554,"14",3.17174119030459,0.109608532578899
"1443",1555,"14",2.54523844820098,0.111957298575549
"1444",1559,"14",2.9239176806799,0.116367314456115
"1445",1576,"14",2.64706141609053,0.111047661735354
"1446",1623,"14",2.42484801906773,0.108725133547952
"1447",1678,"14",3.20988241556903,0.110295770943482
"1448",1763,"14",2.67029141859492,0.105845232608223
"1449",1765,"14",2.12748307901303,0.116080763318624
"1450",1816,"14",2.80744895141544,0.109136763007592
"1451",1827,"14",2.78684767019487,0.106756220008891
"1452",1867,"14",2.26154546032723,0.105279379310641
"1453",2027,"14",2.34552978821118,0.114267735386935
"1454",2066,"14",2.27650212888222,0.108103288833661
"1455",2106,"14",2.73829930490035,0.116082518542092
"1456",2124,"14",3.47313403651103,0.0980232125465079
"1457",2234,"14",2.55919394380125,0.106400942061189
"1458",2269,"14",2.37556934219557,0.105653683270449
"1459",2274,"14",2.54217397650964,0.112812638592354
"1460",2296,"14",2.24919497228283,0.113253359343981
"1461",2308,"14",4.0641818141421,0.110791902578367
"1462",2338,"14",2.52451130462207,0.108235500394331
"1463",2339,"14",3.11269212589014,0.108352033107769
"1464",2419,"14",4.54529266072911,0.113041872565409
"1465",2607,"14",2.68795697795495,0.112829363525012
"1466",2703,"14",2.33910298590586,0.104511236674848
"1467",2737,"14",2.25979612078277,0.101159546420274
"1468",2847,"14",3.2333223583489,0.0991986982711054
"1469",2850,"14",2.8034019784038,0.108583370106797
"1470",2852,"14",2.88965832432596,0.111770376363709
"1471",2859,"14",3.01954405190889,0.097958060586028
"1472",2893,"14",2.88148895211871,0.111811002717001
"1473",2997,"14",2.75433015278107,0.108626004830245
"1474",3031,"14",2.54978769403266,0.11253110909235
"1475",3078,"14",2.5308631578885,0.114185644185105
"1476",3110,"14",2.55480245957163,0.106382229680932
"1477",3123,"14",2.43936553028497,0.107004957808347
"1478",3163,"14",2.72296353669891,0.109240451167447
"1479",3185,"14",3.01970995580671,0.102680024985826
"1480",3193,"14",2.90399168872504,0.106706511890351
"1481",3202,"14",2.55675009798065,0.112074994043511
"1482",3252,"14",2.86542412349051,0.11121214575495
"1483",3292,"14",2.7311648825086,0.109770558354872
"1484",3303,"14",2.66333850784895,0.107178899246918
"1485",3339,"14",2.94454548894487,0.101256781108967
"1486",3413,"14",2.45643997924554,0.111833261841479
"1487",3461,"14",2.75607950178126,0.106238639168541
"1488",3469,"14",2.96418714827634,0.110065709915775
"1489",3474,"14",3.26568577948526,0.106748665949778
"1490",3488,"14",1.70290904012621,0.111625637452499
"1491",3553,"14",2.96808708070783,0.112730396286311
"1492",3597,"14",2.50505154436439,0.107783709990919
"1493",3604,"14",3.43186817855798,0.104138550323224
"1494",3618,"14",2.68038629896452,0.100822393493203
"1495",3652,"14",2.66517944042387,0.110294974311334
"1496",3720,"14",2.2733874049762,0.109037463998227
"1497",3788,"14",2.23157686738092,0.110668447376313
"1498",3817,"14",4.33564327785202,0.103366070784135
"1499",3838,"14",3.42069160610848,0.113160715816739
"1500",3920,"14",2.88334225922274,0.115290328195979
